{
  "lemma": "administração",
  "lemma_base": "administração",
  "senses": [
    {
      "pt_roleset": "administração.01",
      "pt_sense_index": 1,
      "pt_sense_hint": 1,
      "english_roleset": "administration.01",
      "english_roleset_source": "verb-administer.01",
      "nombank_url": "https://nlp.cs.nyu.edu/meyers/nombank/nombank.1.0/frames/administration.xml",
      "roles": [
        {
          "id": "Arg0",
          "desc": "job holder"
        },
        {
          "id": "Arg1",
          "desc": "theme"
        },
        {
          "id": "Arg2",
          "desc": "beneficiary"
        },
        {
          "id": "Arg3",
          "desc": "rank"
        },
        {
          "id": "Arg4",
          "desc": null
        }
      ],
      "examples": [
        {
          "sent_ID": "dante_01_449188871776247808l",
          "text": "$MRVE3 - Mrv ( mrve-nm ) - Fato Relevante - Alteracao Em a Administracao De a Companhia http://t.co/PdxXl414Wg",
          "realization": {
            "Arg0": null,
            "Arg1": "De a Companhia",
            "Arg2": "Mrv ( mrve-nm",
            "Arg3": null,
            "Arg4": null
          },
          "syntax": {
            "Arg0": null,
            "Arg1": "nmod",
            "Arg2": "nmod",
            "Arg3": null,
            "Arg4": null
          }
        },
        {
          "sent_ID": "dante_01_443463813623738368l",
          "text": "#IBOV #BRML3 BR Malls divulga ata de a reunião de o conselho de administração realizada dia 25 de fevereiro . http://t.co/7MpofZh7wj",
          "realization": {
            "Arg0": null,
            "Arg1": null,
            "Arg2": "Malls",
            "Arg3": null,
            "Arg4": null
          },
          "syntax": {
            "Arg0": null,
            "Arg1": null,
            "Arg2": "flat:name",
            "Arg3": null,
            "Arg4": null
          }
        },
        {
          "sent_ID": "dante_01_443207013405700096l",
          "text": "A Light S.A. arquivou a ata de a Reunião de o Conselho de Administração realizada hoje . Confira : http://t.co/F8LbSlsFfV $LIGT3",
          "realization": {
            "Arg0": null,
            "Arg1": null,
            "Arg2": "A Light S.A.",
            "Arg3": null,
            "Arg4": null
          },
          "syntax": {
            "Arg0": null,
            "Arg1": null,
            "Arg2": "nsubj",
            "Arg3": null,
            "Arg4": null
          }
        },
        {
          "sent_ID": "dante_01_460756892646907904l",
          "text": "$RSID3 - Rossi Resid ( rsid-nm ) - Indicacao De Candidato A Membro De o Conselho De Admin . http://t.co/XAZrrT0xHk",
          "realization": {
            "Arg0": "Membro",
            "Arg1": null,
            "Arg2": "Rossi Resid ( rsid-nm )",
            "Arg3": "Candidato A Membro",
            "Arg4": null
          },
          "syntax": {
            "Arg0": "nmod",
            "Arg1": null,
            "Arg2": "nmod",
            "Arg3": "nmod",
            "Arg4": null
          }
        },
        {
          "sent_ID": "dante_01_451103473405538304l",
          "text": "#IBOV #CCRO3 CCR publica ata de a reunião de o conselho de administração realizada dia 19 de fevereiro . http://t.co/R0eQ7JedZl",
          "realization": {
            "Arg0": null,
            "Arg1": null,
            "Arg2": "CCR",
            "Arg3": null,
            "Arg4": null
          },
          "syntax": {
            "Arg0": null,
            "Arg1": null,
            "Arg2": "nsubj",
            "Arg3": null,
            "Arg4": null
          }
        },
        {
          "sent_ID": "dante_01_450677390780669952l",
          "text": "RT @chrinvestor : O que acontece com as ações de uma cia quando se descobre que a sua administração ' roubou ' bilhões ? Em o Brasil , o papel sob …",
          "realization": {
            "Arg0": null,
            "Arg1": null,
            "Arg2": "cia",
            "Arg3": null,
            "Arg4": null
          },
          "syntax": {
            "Arg0": null,
            "Arg1": null,
            "Arg2": "nmod",
            "Arg3": null,
            "Arg4": null
          }
        }
      ],
      "syntactic_profile": {
        "Arg1": {
          "nmod": 1
        },
        "Arg2": {
          "nmod": 3,
          "flat:name": 1,
          "nsubj": 2
        },
        "Arg0": {
          "nmod": 1
        },
        "Arg3": {
          "nmod": 1
        }
      }
    }
  ]
}