{
  "lemma": "alienação",
  "lemma_base": "alienação",
  "senses": [
    {
      "pt_roleset": "alienação.01",
      "pt_sense_index": 1,
      "pt_sense_hint": 1,
      "english_roleset": "divestiture.01",
      "english_roleset_source": "verb-divest.01",
      "nombank_url": "https://nlp.cs.nyu.edu/meyers/nombank/nombank.1.0/frames/divestiture.xml",
      "roles": [
        {
          "id": "Arg0",
          "desc": "entity removing"
        },
        {
          "id": "Arg1",
          "desc": "thing being removed"
        },
        {
          "id": "Arg2",
          "desc": "removed from"
        },
        {
          "id": "Arg3",
          "desc": null
        },
        {
          "id": "Arg4",
          "desc": null
        }
      ],
      "examples": [
        {
          "sent_ID": "dante_01_456785224643657728l",
          "text": "$RENT3 - Localiza ( rent-nm ) - Alienacao De Participacao Acionaria Relevante http://t.co/FhxaEEgLTD",
          "realization": {
            "Arg0": null,
            "Arg1": "De Particiacao Acionaria",
            "Arg2": null,
            "Arg3": null,
            "Arg4": null
          },
          "syntax": {
            "Arg0": null,
            "Arg1": "amod",
            "Arg2": null,
            "Arg3": null,
            "Arg4": null
          }
        }
      ],
      "syntactic_profile": {
        "Arg1": {
          "amod": 1
        }
      }
    }
  ]
}