{
  "lemma": "alteração",
  "lemma_base": "alteração",
  "senses": [
    {
      "pt_roleset": "alteração.01",
      "pt_sense_index": 1,
      "pt_sense_hint": 1,
      "english_roleset": "change.01",
      "english_roleset_source": "verb-change.01",
      "nombank_url": "https://nlp.cs.nyu.edu/meyers/nombank/nombank.1.0/frames/change.xml",
      "roles": [
        {
          "id": "Arg0",
          "desc": "causer of transformation"
        },
        {
          "id": "Arg1",
          "desc": "thing changing"
        },
        {
          "id": "Arg2",
          "desc": "end state"
        },
        {
          "id": "Arg3",
          "desc": "start state"
        },
        {
          "id": "Arg4",
          "desc": null
        }
      ],
      "examples": [
        {
          "sent_ID": "dante_01_449188871776247808l",
          "text": "$MRVE3 - Mrv ( mrve-nm ) - Fato Relevante - Alteracao Em a Administracao De a Companhia http://t.co/PdxXl414Wg",
          "realization": {
            "Arg0": null,
            "Arg1": "Em a Administracao De a Companhia",
            "Arg2": null,
            "Arg3": null,
            "Arg4": null
          },
          "syntax": {
            "Arg0": null,
            "Arg1": "nmod",
            "Arg2": null,
            "Arg3": null,
            "Arg4": null
          }
        },
        {
          "sent_ID": "dante_01_449511006461763584l",
          "text": "$RSID3 - Rossi Resid ( rsid-nm ) - Alteracao De a Politica De Divulgacao De Fato Relevante http://t.co/gJVTbOY0uA",
          "realization": {
            "Arg0": null,
            "Arg1": "e a Politica De Divulgacao De Fato Relevante",
            "Arg2": null,
            "Arg3": null,
            "Arg4": null
          },
          "syntax": {
            "Arg0": null,
            "Arg1": "amod",
            "Arg2": null,
            "Arg3": null,
            "Arg4": null
          }
        },
        {
          "sent_ID": "dante_01_441566478580875265l",
          "text": "$CIEL3 - Cielo ( ciel-nm ) - ago/e - 31/03/14 - 10h00 - bonificacao / alteracao De o Estatuto Social http://t.co/ZODi2E6KmJ",
          "realization": {
            "Arg0": null,
            "Arg1": "De o Estatuto Social",
            "Arg2": null,
            "Arg3": null,
            "Arg4": null
          },
          "syntax": {
            "Arg0": null,
            "Arg1": "amod",
            "Arg2": null,
            "Arg3": null,
            "Arg4": null
          }
        },
        {
          "sent_ID": "dante_01_453914751001976832l",
          "text": "$BBAS3 - Banco De o Brasil ( bbas-nm ) Ago/e - 29/04/2014 - 15h00 - Alteracao Estatutaria http://t.co/uUll5L7MIh",
          "realization": {
            "Arg0": null,
            "Arg1": "Estatutaria",
            "Arg2": null,
            "Arg3": null,
            "Arg4": null
          },
          "syntax": {
            "Arg0": null,
            "Arg1": "amod",
            "Arg2": null,
            "Arg3": null,
            "Arg4": null
          }
        },
        {
          "sent_ID": "dante_01_459798284622913536l",
          "text": "$GFSA3 - Gafisa ( gfsa-nm ) - Alteracao De o Valor De o Dividendo http://t.co/v2rfyvQTCV",
          "realization": {
            "Arg0": null,
            "Arg1": "De o Valor De o Dividendo",
            "Arg2": null,
            "Arg3": null,
            "Arg4": null
          },
          "syntax": {
            "Arg0": null,
            "Arg1": "nmod",
            "Arg2": null,
            "Arg3": null,
            "Arg4": null
          }
        },
        {
          "sent_ID": "dante_01_441920225861435392l",
          "text": "$ALLL3 - All Amer Lat ( alll-nm ) - Alteracao De Participacao Acionaria http://t.co/jTshh6boJ6",
          "realization": {
            "Arg0": null,
            "Arg1": "De Participacao Acionaria",
            "Arg2": null,
            "Arg3": null,
            "Arg4": null
          },
          "syntax": {
            "Arg0": null,
            "Arg1": "amod",
            "Arg2": null,
            "Arg3": null,
            "Arg4": null
          }
        },
        {
          "sent_ID": "dante_01_453975709510168576l",
          "text": "Concórdia indica 15 papéis para investir em este mês : A corretora optou por fazer apenas uma a ... http://t.co/TVV9DckmRs #infomoney #vale5",
          "realization": {
            "Arg0": "A corretora",
            "Arg1": null,
            "Arg2": null,
            "Arg3": null,
            "Arg4": null
          },
          "syntax": {
            "Arg0": "nsubj",
            "Arg1": null,
            "Arg2": null,
            "Arg3": null,
            "Arg4": null
          }
        },
        {
          "sent_ID": "dante_01_453233718023315457l",
          "text": "Socopa indica 10 ações para comprar em esta semana , confira : De esta vez nenhuma alteração foi f ... http://t.co/IST5raJ9FV #infomoney #vale5",
          "realization": {
            "Arg0": null,
            "Arg1": null,
            "Arg2": null,
            "Arg3": null,
            "Arg4": null
          },
          "syntax": {
            "Arg0": null,
            "Arg1": null,
            "Arg2": null,
            "Arg3": null,
            "Arg4": null
          }
        },
        {
          "sent_ID": "dante_01_441932039294836736l",
          "text": "$LIGT3 - Light S/a ( ligt-nm ) - Alteracao De o Calendario De Eventos Corporativos http://t.co/XjNJgpnqcw",
          "realization": {
            "Arg0": null,
            "Arg1": "De o Calendario De Eventos Corporativos",
            "Arg2": null,
            "Arg3": null,
            "Arg4": null
          },
          "syntax": {
            "Arg0": null,
            "Arg1": "amod",
            "Arg2": null,
            "Arg3": null,
            "Arg4": null
          }
        },
        {
          "sent_ID": "dante_01_445918844591554561l",
          "text": "$MRVE3 - Mrv ( mrve-nm ) - Alteracao De o Calendario De Eventos Corporativos http://t.co/sHRYZSHees",
          "realization": {
            "Arg0": null,
            "Arg1": "De o Calendario De Eventos Corporativos",
            "Arg2": null,
            "Arg3": null,
            "Arg4": null
          },
          "syntax": {
            "Arg0": null,
            "Arg1": "amod",
            "Arg2": null,
            "Arg3": null,
            "Arg4": null
          }
        },
        {
          "sent_ID": "dante_01_445919838213775360l",
          "text": "$HYPE3 - Hypermarcas ( hype-nm ) - Alteracao De o Calendario De Eventos Corporativos http://t.co/HP72g7Zb6z",
          "realization": {
            "Arg0": null,
            "Arg1": "De o Calendario De Eventos Corporativos",
            "Arg2": null,
            "Arg3": null,
            "Arg4": null
          },
          "syntax": {
            "Arg0": null,
            "Arg1": "flat:name",
            "Arg2": null,
            "Arg3": null,
            "Arg4": null
          }
        },
        {
          "sent_ID": "dante_01_446375075651268608l",
          "text": "$SBSP3 - Sabesp ( sbsp-nm ) - Alteracao De o Calendario De Eventos Corporativos http://t.co/LzkdSaXOqv",
          "realization": {
            "Arg0": null,
            "Arg1": "De o Calendario De Eventos Corporativos",
            "Arg2": null,
            "Arg3": null,
            "Arg4": null
          },
          "syntax": {
            "Arg0": null,
            "Arg1": "amod",
            "Arg2": null,
            "Arg3": null,
            "Arg4": null
          }
        },
        {
          "sent_ID": "dante_01_447080717961678848l",
          "text": "$BRML3 - Br Malls Par ( brml-nm ) - Alteracao De o Calendario De Eventos Corporativos http://t.co/eiu1Kw2n8r",
          "realization": {
            "Arg0": null,
            "Arg1": "De o Calendario De Eventos Corporativos",
            "Arg2": null,
            "Arg3": null,
            "Arg4": null
          },
          "syntax": {
            "Arg0": null,
            "Arg1": "amod",
            "Arg2": null,
            "Arg3": null,
            "Arg4": null
          }
        },
        {
          "sent_ID": "dante_01_447081497980588032l",
          "text": "$HGTX3 - Cia Hering ( hgtx-nm ) - Alteracao De o Calendario De Eventos Corporativos http://t.co/za6C2Ivjox",
          "realization": {
            "Arg0": null,
            "Arg1": "De o Calendario De Eventos Corporativos",
            "Arg2": null,
            "Arg3": null,
            "Arg4": null
          },
          "syntax": {
            "Arg0": null,
            "Arg1": "amod",
            "Arg2": null,
            "Arg3": null,
            "Arg4": null
          }
        },
        {
          "sent_ID": "dante_01_456033218576515073l",
          "text": "$RENT3 - Localiza ( rent-nm ) - Alteracao De o Calendario De Eventos Corporativos http://t.co/PqS8lH5rDJ",
          "realization": {
            "Arg0": null,
            "Arg1": "De o Calendario De Eventos Corporativos",
            "Arg2": null,
            "Arg3": null,
            "Arg4": null
          },
          "syntax": {
            "Arg0": null,
            "Arg1": "amod",
            "Arg2": null,
            "Arg3": null,
            "Arg4": null
          }
        },
        {
          "sent_ID": "dante_01_459779134714294272l",
          "text": "$ESTC3 - Estacio Part ( estc-nm ) - Alteracao De o Calendario De Eventos Corporativos http://t.co/U1QWmMSuRg",
          "realization": {
            "Arg0": null,
            "Arg1": "De o Calendario De Eventos Corporativos",
            "Arg2": null,
            "Arg3": null,
            "Arg4": null
          },
          "syntax": {
            "Arg0": null,
            "Arg1": "amod",
            "Arg2": null,
            "Arg3": null,
            "Arg4": null
          }
        },
        {
          "sent_ID": "dante_01_448437735054139393l",
          "text": "$CIEL3 - Cielo ( ciel-nm ) - Pgto . Dividendo E Juros ( alteracao De os Valores Por Acao ) http://t.co/pNIoX1dKA3",
          "realization": {
            "Arg0": null,
            "Arg1": "De os Valores Por Acao",
            "Arg2": null,
            "Arg3": null,
            "Arg4": null
          },
          "syntax": {
            "Arg0": null,
            "Arg1": "nmod",
            "Arg2": null,
            "Arg3": null,
            "Arg4": null
          }
        },
        {
          "sent_ID": "dante_01_472014023303888896l",
          "text": "$CYRE3 - Cyrela Realt ( cyre-nm ) - Alteracao De Participacao Acionaria http://t.co/59nFZQCKgw",
          "realization": {
            "Arg0": null,
            "Arg1": "De Participacao Acionaria",
            "Arg2": null,
            "Arg3": null,
            "Arg4": null
          },
          "syntax": {
            "Arg0": null,
            "Arg1": "amod",
            "Arg2": null,
            "Arg3": null,
            "Arg4": null
          }
        },
        {
          "sent_ID": "dante_01_443015687200862208l",
          "text": "$AEDU3 - Anhanguera ( aedu-nm ) - Alteracao de o Calendario De Eventos Corporativos http://t.co/jBvTIfKBBF",
          "realization": {
            "Arg0": null,
            "Arg1": "de o Calendario De Eventos Corporativos",
            "Arg2": null,
            "Arg3": null,
            "Arg4": null
          },
          "syntax": {
            "Arg0": null,
            "Arg1": "amod",
            "Arg2": null,
            "Arg3": null,
            "Arg4": null
          }
        }
      ],
      "syntactic_profile": {
        "Arg1": {
          "nmod": 3,
          "amod": 13,
          "flat:name": 1
        },
        "Arg0": {
          "nsubj": 1
        }
      }
    }
  ]
}