{
  "lemma": "apreensão",
  "lemma_base": "apreensão",
  "senses": [
    {
      "pt_roleset": "apreensão.01",
      "pt_sense_index": 1,
      "pt_sense_hint": 1,
      "english_roleset": "seizure.01",
      "english_roleset_source": "verb-seize.01",
      "nombank_url": "https://nlp.cs.nyu.edu/meyers/nombank/nombank.1.0/frames/seizure.xml",
      "roles": [
        {
          "id": "Arg0",
          "desc": "agent, entity acquiring something"
        },
        {
          "id": "Arg1",
          "desc": "thing acquired"
        },
        {
          "id": "Arg2",
          "desc": "acquired from"
        },
        {
          "id": "Arg3",
          "desc": null
        },
        {
          "id": "Arg4",
          "desc": null
        }
      ],
      "examples": [
        {
          "sent_ID": "dante_01_455017195706523648l",
          "text": "$PETR4 em o olho de o furacão . RT @petrobras : Não houve busca e apreensão em nosso Edifício Sede http://t.co/2YuFMoWV55",
          "realization": {
            "Arg0": null,
            "Arg1": null,
            "Arg2": null,
            "Arg3": null,
            "Arg4": null
          },
          "syntax": {
            "Arg0": null,
            "Arg1": null,
            "Arg2": null,
            "Arg3": null,
            "Arg4": null
          }
        }
      ],
      "syntactic_profile": {}
    }
  ]
}