{
  "lemma": "aquisição",
  "lemma_base": "aquisição",
  "senses": [
    {
      "pt_roleset": "aquisição.01",
      "pt_sense_index": 1,
      "pt_sense_hint": 1,
      "english_roleset": "acquisition.01",
      "english_roleset_source": "verb-acquire.01",
      "nombank_url": "https://nlp.cs.nyu.edu/meyers/nombank/nombank.1.0/frames/acquisition.xml",
      "roles": [
        {
          "id": "Arg0",
          "desc": "agent, entity acquiring something"
        },
        {
          "id": "Arg1",
          "desc": "thing acquired"
        },
        {
          "id": "Arg2",
          "desc": "seller"
        },
        {
          "id": "Arg3",
          "desc": "price paid"
        },
        {
          "id": "Arg4",
          "desc": "beneficiary"
        }
      ],
      "examples": [
        {
          "sent_ID": "dante_01_464751013887348736l",
          "text": "Cade aprova aquisição de direitos minerários de a Novelis por a Vale : Em documento submetido a o ... http://t.co/WZ9SfuDW9J #infomoney #vale5",
          "realization": {
            "Arg0": "Vale",
            "Arg1": "de direitos minerários de a Novelis",
            "Arg2": "Novelis",
            "Arg3": null,
            "Arg4": null
          },
          "syntax": {
            "Arg0": "nmod",
            "Arg1": "nmod",
            "Arg2": "nmod",
            "Arg3": null,
            "Arg4": null
          }
        },
        {
          "sent_ID": "dante_01_468398191453683712l",
          "text": "$ESTC3 - Estacio Part ( estc-nm ) - fato Relevante - aquisicao Uniseb - reapres ( redivulgacao ) http://t.co/alIlIRxgUk",
          "realization": {
            "Arg0": "Estacio Part ( estc-nm",
            "Arg1": "Uniseb",
            "Arg2": null,
            "Arg3": null,
            "Arg4": null
          },
          "syntax": {
            "Arg0": "nmod",
            "Arg1": "nmod",
            "Arg2": null,
            "Arg3": null,
            "Arg4": null
          }
        },
        {
          "sent_ID": "dante_01_444482105675104256l",
          "text": "$DASA3 - Dasa ( dasa-nm ) - Aquisicao De Acoes Remanescentes De o Leilao http://t.co/0HuaywrCqa",
          "realization": {
            "Arg0": null,
            "Arg1": "de Acoes Remanescentes De o Leilao",
            "Arg2": null,
            "Arg3": null,
            "Arg4": null
          },
          "syntax": {
            "Arg0": null,
            "Arg1": "nmod",
            "Arg2": null,
            "Arg3": null,
            "Arg4": null
          }
        },
        {
          "sent_ID": "dante_01_453579148670156800l",
          "text": "Wikileaks : Casa Branca consultou Dilma antes de autorizar aquisição de refinaria por Petrobrás #PETR4 http://t.co/Bq8aKioBnC",
          "realization": {
            "Arg0": "Petrobrás",
            "Arg1": "de refinaria",
            "Arg2": null,
            "Arg3": null,
            "Arg4": null
          },
          "syntax": {
            "Arg0": "nmod",
            "Arg1": "nmod",
            "Arg2": null,
            "Arg3": null,
            "Arg4": null
          }
        },
        {
          "sent_ID": "dante_01_444296047289176064l",
          "text": "“ @ferrisss : VALE estaria de olho em a MMX . Aquisição faz sentido mesmo . Opa . Me serve e muito . @bovespabrokers @Smarttrade10 ” e petr4 em a ogxp3",
          "realization": {
            "Arg0": "VALE",
            "Arg1": "MMX",
            "Arg2": null,
            "Arg3": null,
            "Arg4": null
          },
          "syntax": {
            "Arg0": "nsubj",
            "Arg1": "nmod",
            "Arg2": null,
            "Arg3": null,
            "Arg4": null
          }
        },
        {
          "sent_ID": "dante_01_455682223635972096l",
          "text": "$TBLE3 - Tractebel ( tble-nm ) - Aquisicao De a Clwp Brasil Iii Participacoes Ltda http://t.co/aEbGF4Enme",
          "realization": {
            "Arg0": "Tractebel ( tble-nm )",
            "Arg1": "Clwp Brasil Iii Participacoes Ltda",
            "Arg2": null,
            "Arg3": null,
            "Arg4": null
          },
          "syntax": {
            "Arg0": "nmod",
            "Arg1": "flat:name",
            "Arg2": null,
            "Arg3": null,
            "Arg4": null
          }
        },
        {
          "sent_ID": "dante_01_453879051196039169l",
          "text": "$BRFS3 - Brf Sa ( brfs-nm ) - Conclusao De a Aquisicao De Direitos Economicos - federal Foods http://t.co/X4MZC7Y8FC",
          "realization": {
            "Arg0": "Brf Sa ( brfs-nm )",
            "Arg1": "de Direitos Economicos - federal Foods",
            "Arg2": null,
            "Arg3": null,
            "Arg4": null
          },
          "syntax": {
            "Arg0": "nmod",
            "Arg1": "flat:name",
            "Arg2": null,
            "Arg3": null,
            "Arg4": null
          }
        },
        {
          "sent_ID": "dante_01_453974274265862144l",
          "text": "$RENT3 - Localiza ( rent-nm ) - Age - 29/04/2014 - 15h00 / Aquisicao E Incorporacao De Cias http://t.co/tiGCF5BFg9",
          "realization": {
            "Arg0": "Localiza ( rent-nm )",
            "Arg1": "de Cias",
            "Arg2": null,
            "Arg3": null,
            "Arg4": null
          },
          "syntax": {
            "Arg0": "nmod",
            "Arg1": "nmod",
            "Arg2": null,
            "Arg3": null,
            "Arg4": null
          }
        },
        {
          "sent_ID": "dante_01_461472300324626433l",
          "text": "$RENT3 - Localiza ( rent-nm ) - Aquisicao De Quotas E Incorporacao De Subsidiarias http://t.co/nA90jlYptH",
          "realization": {
            "Arg0": "Localiza ( rent-nm )",
            "Arg1": "de Quotas",
            "Arg2": null,
            "Arg3": null,
            "Arg4": null
          },
          "syntax": {
            "Arg0": "nmod",
            "Arg1": "nmod",
            "Arg2": null,
            "Arg3": null,
            "Arg4": null
          }
        },
        {
          "sent_ID": "dante_01_461125555522240512l",
          "text": "$RENT3 - Localiza ( rent-nm ) - Aquisicao De Quotas E Incorporacao De Subsidiarias http://t.co/nA90jlYptHc",
          "realization": {
            "Arg0": null,
            "Arg1": "ações",
            "Arg2": "Banco Santander ( SANB11 )",
            "Arg3": null,
            "Arg4": null
          },
          "syntax": {
            "Arg0": null,
            "Arg1": "nmod",
            "Arg2": "nmod",
            "Arg3": null,
            "Arg4": null
          }
        }
      ],
      "syntactic_profile": {
        "Arg0": {
          "nmod": 7,
          "nsubj": 1
        },
        "Arg1": {
          "nmod": 8,
          "flat:name": 2
        },
        "Arg2": {
          "nmod": 2
        }
      }
    }
  ]
}