{
  "lemma": "assinatura",
  "lemma_base": "assinatura",
  "senses": [
    {
      "pt_roleset": "assinatura.01",
      "pt_sense_index": 1,
      "pt_sense_hint": 1,
      "english_roleset": "signing.01",
      "english_roleset_source": "verb-sign.01",
      "nombank_url": "https://nlp.cs.nyu.edu/meyers/nombank/nombank.1.0/frames/signing.xml",
      "roles": [
        {
          "id": "Arg0",
          "desc": "signer"
        },
        {
          "id": "Arg1",
          "desc": "document"
        },
        {
          "id": "Arg2",
          "desc": "signature"
        },
        {
          "id": "Arg3",
          "desc": null
        },
        {
          "id": "Arg4",
          "desc": null
        }
      ],
      "examples": [
        {
          "sent_ID": "dante_01_446975526323109888l",
          "text": "$CCRO3 - Ccr Sa ( ccro-nm ) - Fato Relevante - Assinatura De o Aditivo De o Acrodo De Acionista http://t.co/xzQyZPPbBL",
          "realization": {
            "Arg0": null,
            "Arg1": "De o Aditivo De o Acrodo De Acionista",
            "Arg2": null,
            "Arg3": null,
            "Arg4": null
          },
          "syntax": {
            "Arg0": null,
            "Arg1": "nmod",
            "Arg2": null,
            "Arg3": null,
            "Arg4": null
          }
        },
        {
          "sent_ID": "dante_01_453581504170717184l",
          "text": "#BOVESPA #CCRO3 CCR divulga fato relevante sobre assinatura de o contrato de concessão - Aeroporto de Confins . http://t.co/hFQSZwrqSn #BR",
          "realization": {
            "Arg0": null,
            "Arg1": "de o contrato de concessão",
            "Arg2": null,
            "Arg3": null,
            "Arg4": null
          },
          "syntax": {
            "Arg0": null,
            "Arg1": "nmod",
            "Arg2": null,
            "Arg3": null,
            "Arg4": null
          }
        },
        {
          "sent_ID": "dante_01_450801978567041024l",
          "text": "Quero ver quem vai se vender e tirar a assinatura de a CPI de a Petr4 ... Comunas são os + propensos #EuApoioCPIdaPetrobras",
          "realization": {
            "Arg0": null,
            "Arg1": null,
            "Arg2": null,
            "Arg3": null,
            "Arg4": null
          },
          "syntax": {
            "Arg0": null,
            "Arg1": null,
            "Arg2": null,
            "Arg3": null,
            "Arg4": null
          }
        },
        {
          "sent_ID": "dante_01_453504179232079872l",
          "text": "$CCRO3 - Ccr Sa ( ccro-nm ) - Assinatura De o Contrato De Concessao De o Aeroporto De Confins http://t.co/GRgDTOBXof",
          "realization": {
            "Arg0": null,
            "Arg1": "De o Contrato De Concessao De o Aeroporto De Confins",
            "Arg2": null,
            "Arg3": null,
            "Arg4": null
          },
          "syntax": {
            "Arg0": null,
            "Arg1": "nmod",
            "Arg2": null,
            "Arg3": null,
            "Arg4": null
          }
        }
      ],
      "syntactic_profile": {
        "Arg1": {
          "nmod": 3
        }
      }
    }
  ]
}