{
  "lemma": "avaliação",
  "lemma_base": "avaliação",
  "senses": [
    {
      "pt_roleset": "avaliação.01",
      "pt_sense_index": 1,
      "pt_sense_hint": 1,
      "english_roleset": "evaluation.01",
      "english_roleset_source": "verb-evaluate.01",
      "nombank_url": "https://nlp.cs.nyu.edu/meyers/nombank/nombank.1.0/frames/evaluation.xml",
      "roles": [
        {
          "id": "Arg0",
          "desc": "thinker"
        },
        {
          "id": "Arg1",
          "desc": "action"
        },
        {
          "id": "Arg2",
          "desc": null
        },
        {
          "id": "Arg3",
          "desc": null
        },
        {
          "id": "Arg4",
          "desc": null
        }
      ],
      "examples": [
        {
          "sent_ID": "dante_01_453209164035420160l",
          "text": "RT @JoaoPaulodg : Mas é claro RT @garimpodeacoes : FITCH , cia de avaliação de risco diz que seca prolongada deve pressionar Sabesp ( SBSP3 ) de …",
          "realization": {
            "Arg0": "cia de",
            "Arg1": "de risco",
            "Arg2": null,
            "Arg3": null,
            "Arg4": null
          },
          "syntax": {
            "Arg0": "case",
            "Arg1": "nmod",
            "Arg2": null,
            "Arg3": null,
            "Arg4": null
          }
        },
        {
          "sent_ID": "dante_01_453208679303897089l",
          "text": "Mas é claro RT @garimpodeacoes : FITCH , cia de avaliação de risco diz que seca prolongada deve pressionar Sabesp ( SBSP3 ) de forma mais severa",
          "realization": {
            "Arg0": "cia de",
            "Arg1": "de risco",
            "Arg2": null,
            "Arg3": null,
            "Arg4": null
          },
          "syntax": {
            "Arg0": "case",
            "Arg1": "nmod",
            "Arg2": null,
            "Arg3": null,
            "Arg4": null
          }
        }
      ],
      "syntactic_profile": {
        "Arg0": {
          "case": 2
        },
        "Arg1": {
          "nmod": 2
        }
      }
    }
  ]
}