{
  "lemma": "carteira",
  "lemma_base": "carteira",
  "senses": [
    {
      "pt_roleset": "carteira.01",
      "pt_sense_index": 1,
      "pt_sense_hint": 1,
      "english_roleset": "portfolio.04",
      "english_roleset_source": null,
      "nombank_url": "https://nlp.cs.nyu.edu/meyers/nombank/nombank.1.0/frames/portfolio.xml",
      "roles": [
        {
          "id": "Arg0",
          "desc": "investor"
        },
        {
          "id": "Arg1",
          "desc": "invested in"
        },
        {
          "id": "Arg2",
          "desc": "value invested"
        },
        {
          "id": "Arg3",
          "desc": null
        },
        {
          "id": "Arg4",
          "desc": null
        }
      ],
      "examples": [
        {
          "sent_ID": "dante_01_448849223010623488l",
          "text": "Quem montar uma carteira de ações agora vai morrer de rir em 10 anos ' , diz especialista : Se ... http://t.co/CrU7flmRmc #infomoney #vale5",
          "realization": {
            "Arg0": "Quem",
            "Arg1": "de ações",
            "Arg2": null,
            "Arg3": null,
            "Arg4": null
          },
          "syntax": {
            "Arg0": "nsubj",
            "Arg1": "nmod",
            "Arg2": null,
            "Arg3": null,
            "Arg4": null
          }
        },
        {
          "sent_ID": "dante_01_444208356987650048l",
          "text": "Planner recomenda 2 novas ações para março , saiba quais : Novidades em a carteira de a corretora ... http://t.co/bbIAa3mn8S #infomoney #vale5",
          "realization": {
            "Arg0": null,
            "Arg1": "de a corretora",
            "Arg2": null,
            "Arg3": null,
            "Arg4": null
          },
          "syntax": {
            "Arg0": null,
            "Arg1": "nmod",
            "Arg2": null,
            "Arg3": null,
            "Arg4": null
          }
        },
        {
          "sent_ID": "dante_01_451152647618166786l",
          "text": "Discussão sobre Investimentos : Carteira Simulada , CSNA3 , USIM5 e GRND3 . http://t.co/9XXKzByFls",
          "realization": {
            "Arg0": null,
            "Arg1": "CSNA3 , USIM5 e GRND3",
            "Arg2": null,
            "Arg3": null,
            "Arg4": null
          },
          "syntax": {
            "Arg0": null,
            "Arg1": "appos",
            "Arg2": null,
            "Arg3": null,
            "Arg4": null
          }
        },
        {
          "sent_ID": "dante_01_452088859585966080l",
          "text": "Um esclarecimento : minha carteira é muito sobrecarregada de VALE5 por causa de opções . PETR4 tenho 24 % . Ou seja : 80 % de a carteira PETROVALE !",
          "realization": {
            "Arg0": "minha",
            "Arg1": "de VALE5",
            "Arg2": null,
            "Arg3": null,
            "Arg4": null
          },
          "syntax": {
            "Arg0": "det",
            "Arg1": "obl",
            "Arg2": null,
            "Arg3": null,
            "Arg4": null
          }
        },
        {
          "sent_ID": "dante_01_452088859585966080l",
          "text": "Um esclarecimento : minha carteira é muito sobrecarregada de VALE5 por causa de opções . PETR4 tenho 24 % . Ou seja : 80 % de a carteira PETROVALE !",
          "realization": {
            "Arg0": null,
            "Arg1": "PETROVALE",
            "Arg2": null,
            "Arg3": null,
            "Arg4": null
          },
          "syntax": {
            "Arg0": null,
            "Arg1": "parataxis",
            "Arg2": null,
            "Arg3": null,
            "Arg4": null
          }
        },
        {
          "sent_ID": "dante_01_453536632788885504l",
          "text": "EVEN3 - Corretora divulga carteira quantitativa para abril http://t.co/A2252YmOo3 via @infomoney",
          "realization": {
            "Arg0": null,
            "Arg1": null,
            "Arg2": null,
            "Arg3": null,
            "Arg4": null
          },
          "syntax": {
            "Arg0": null,
            "Arg1": null,
            "Arg2": null,
            "Arg3": null,
            "Arg4": null
          }
        },
        {
          "sent_ID": "dante_01_454023247101562882l",
          "text": "Discussão sobre Investimentos : Carteira Simulada , USIM5 , CSNA3 e GRND3 http://t.co/q5pYdmRKIA",
          "realization": {
            "Arg0": null,
            "Arg1": null,
            "Arg2": null,
            "Arg3": null,
            "Arg4": null
          },
          "syntax": {
            "Arg0": null,
            "Arg1": null,
            "Arg2": null,
            "Arg3": null,
            "Arg4": null
          }
        },
        {
          "sent_ID": "dante_01_454349023189549056l",
          "text": "7 ações para ganhar com dividendos , segundo a Um Investimentos : Entraram em a carteira de a corr ... http://t.co/Boa8hPypZO #infomoney #vale5",
          "realization": {
            "Arg0": null,
            "Arg1": "de a corr",
            "Arg2": null,
            "Arg3": null,
            "Arg4": null
          },
          "syntax": {
            "Arg0": null,
            "Arg1": "nmod:wtrunc",
            "Arg2": null,
            "Arg3": null,
            "Arg4": null
          }
        },
        {
          "sent_ID": "dante_01_459167322549542912l",
          "text": "Uma nova ação foi incluída em a carteira de a Lato Sensu : a VALE5 ( Vale PNA N1 ) . Com esta nova ação , a carteira e as ... http://t.co/wtEhs8FVDJ",
          "realization": {
            "Arg0": null,
            "Arg1": "de a Lato Sensu",
            "Arg2": null,
            "Arg3": null,
            "Arg4": null
          },
          "syntax": {
            "Arg0": null,
            "Arg1": "flat:name",
            "Arg2": null,
            "Arg3": null,
            "Arg4": null
          }
        },
        {
          "sent_ID": "dante_01_459167322549542912l",
          "text": "Uma nova ação foi incluída em a carteira de a Lato Sensu : a VALE5 ( Vale PNA N1 ) . Com esta nova ação , a carteira e as ... http://t.co/wtEhs8FVDJ",
          "realization": {
            "Arg0": null,
            "Arg1": "esta nova ação",
            "Arg2": null,
            "Arg3": null,
            "Arg4": null
          },
          "syntax": {
            "Arg0": null,
            "Arg1": "nmod",
            "Arg2": null,
            "Arg3": null,
            "Arg4": null
          }
        },
        {
          "sent_ID": "dante_01_466977495292846081l",
          "text": "Índice de ações MSCI Brasil , de o Morgan Stanley , q é seguido por grandes fundos retirou de a carteira a construtora MVRE3 e a Hering - HGTX3 ...",
          "realization": {
            "Arg0": null,
            "Arg1": "a construtora MVRE3 e a Hering",
            "Arg2": null,
            "Arg3": null,
            "Arg4": null
          },
          "syntax": {
            "Arg0": null,
            "Arg1": "obj",
            "Arg2": null,
            "Arg3": null,
            "Arg4": null
          }
        },
        {
          "sent_ID": "dante_01_444083603308175360l",
          "text": "BB Investimentos troca 5 ativos de sua carteira , veja recomendações : Em este mês , entraram as ... http://t.co/6nvfUxbw1P #infomoney #vale5",
          "realization": {
            "Arg0": null,
            "Arg1": "5 ativos",
            "Arg2": null,
            "Arg3": null,
            "Arg4": null
          },
          "syntax": {
            "Arg0": null,
            "Arg1": "obj",
            "Arg2": null,
            "Arg3": null,
            "Arg4": null
          }
        },
        {
          "sent_ID": "dante_01_444187449451769856l",
          "text": "Um Investimentos apresenta 6 papéis para ganhar com dividendos em março : Entraram em a carteir ... http://t.co/ECHWffFvY7 #infomoney #vale5",
          "realization": {
            "Arg0": null,
            "Arg1": null,
            "Arg2": null,
            "Arg3": null,
            "Arg4": null
          },
          "syntax": {
            "Arg0": null,
            "Arg1": null,
            "Arg2": null,
            "Arg3": null,
            "Arg4": null
          }
        },
        {
          "sent_ID": "dante_01_450613348250697728l",
          "text": "Carteira mais indicada por analistas e bancos p/ abril , para se ganhar ou perder pouco em a crise : ABEV3 , CCRO3 , PCAR4 , RADL3 , RENT3 , UGPA3 ...",
          "realization": {
            "Arg0": null,
            "Arg1": null,
            "Arg2": null,
            "Arg3": null,
            "Arg4": null
          },
          "syntax": {
            "Arg0": null,
            "Arg1": null,
            "Arg2": null,
            "Arg3": null,
            "Arg4": null
          }
        },
        {
          "sent_ID": "dante_01_453552256172847104l",
          "text": "SLW recomenda três carteiras para investir em o mês de abril , confira : Todas as três seleções ... http://t.co/k9YK2IDLmy #infomoney #vale5",
          "realization": {
            "Arg0": null,
            "Arg1": null,
            "Arg2": null,
            "Arg3": null,
            "Arg4": null
          },
          "syntax": {
            "Arg0": null,
            "Arg1": null,
            "Arg2": null,
            "Arg3": null,
            "Arg4": null
          }
        },
        {
          "sent_ID": "dante_01_443356969936510977l",
          "text": "Safra decide diminuir número de ativos de sua carteira , veja as trocas : A instituição decidi ... http://t.co/arnpufVQob #infomoney #vale5",
          "realization": {
            "Arg0": null,
            "Arg1": "de ativos",
            "Arg2": null,
            "Arg3": null,
            "Arg4": null
          },
          "syntax": {
            "Arg0": null,
            "Arg1": "nmod",
            "Arg2": null,
            "Arg3": null,
            "Arg4": null
          }
        },
        {
          "sent_ID": "dante_01_443391474357776384l",
          "text": "BBSE3 - Safra decide diminuir número de ativos de sua carteira , veja as trocas - InfoMoney Veja mais em : http://t.co/BXD2IkR4E5",
          "realization": {
            "Arg0": null,
            "Arg1": "de ativos",
            "Arg2": null,
            "Arg3": null,
            "Arg4": null
          },
          "syntax": {
            "Arg0": null,
            "Arg1": "nmod",
            "Arg2": null,
            "Arg3": null,
            "Arg4": null
          }
        },
        {
          "sent_ID": "dante_01_443409354381750273l",
          "text": "Corretora recomenda 3 carteiras para março : arrojada , dinâmica e moderada : De as três carteira ... http://t.co/EtOMfHo4JJ #infomoney #vale5",
          "realization": {
            "Arg0": null,
            "Arg1": null,
            "Arg2": null,
            "Arg3": null,
            "Arg4": null
          },
          "syntax": {
            "Arg0": null,
            "Arg1": null,
            "Arg2": null,
            "Arg3": null,
            "Arg4": null
          }
        },
        {
          "sent_ID": "dante_01_443409354381750273l",
          "text": "Corretora recomenda 3 carteiras para março : arrojada , dinâmica e moderada : De as três carteira ... http://t.co/EtOMfHo4JJ #infomoney #vale5",
          "realization": {
            "Arg0": null,
            "Arg1": null,
            "Arg2": null,
            "Arg3": null,
            "Arg4": null
          },
          "syntax": {
            "Arg0": null,
            "Arg1": null,
            "Arg2": null,
            "Arg3": null,
            "Arg4": null
          }
        },
        {
          "sent_ID": "dante_01_451423708167421952l",
          "text": "TOV divulga carteira focada em blue chips , veja 7 ações : Os ativos que permanecem em a carteir ... http://t.co/AMlVRW3MPQ #infomoney #vale5",
          "realization": {
            "Arg0": null,
            "Arg1": "em blue chips",
            "Arg2": null,
            "Arg3": null,
            "Arg4": null
          },
          "syntax": {
            "Arg0": null,
            "Arg1": "obl",
            "Arg2": null,
            "Arg3": null,
            "Arg4": null
          }
        },
        {
          "sent_ID": "dante_01_451423708167421952l",
          "text": "TOV divulga carteira focada em blue chips , veja 7 ações : Os ativos que permanecem em a carteir ... http://t.co/AMlVRW3MPQ #infomoney #vale5",
          "realization": {
            "Arg0": null,
            "Arg1": "Os ativos",
            "Arg2": null,
            "Arg3": null,
            "Arg4": null
          },
          "syntax": {
            "Arg0": null,
            "Arg1": "parataxis",
            "Arg2": null,
            "Arg3": null,
            "Arg4": null
          }
        },
        {
          "sent_ID": "dante_01_453249535666442241l",
          "text": "Concórdia recomenda 15 papéis para comprar em essa semana , confira : As três carteiras de a corre ... http://t.co/0k8EGYu3PD #infomoney #vale5",
          "realization": {
            "Arg0": null,
            "Arg1": null,
            "Arg2": null,
            "Arg3": null,
            "Arg4": null
          },
          "syntax": {
            "Arg0": null,
            "Arg1": null,
            "Arg2": null,
            "Arg3": null,
            "Arg4": null
          }
        },
        {
          "sent_ID": "dante_01_456137517872340992l",
          "text": "Concórdia recomenda compra de 15 ações , BB e Itaú estão em a lista : As três carteiras de a corre ... http://t.co/CH4vwrl2L5 #infomoney #vale5",
          "realization": {
            "Arg0": null,
            "Arg1": null,
            "Arg2": null,
            "Arg3": null,
            "Arg4": null
          },
          "syntax": {
            "Arg0": null,
            "Arg1": null,
            "Arg2": null,
            "Arg3": null,
            "Arg4": null
          }
        },
        {
          "sent_ID": "dante_01_458699556809482240l",
          "text": "Concórdia recomenda 15 papéis para investir em essa semana : As três carteiras de a corretora for ... http://t.co/kH9HgEZ3qC #infomoney #vale5",
          "realization": {
            "Arg0": null,
            "Arg1": null,
            "Arg2": null,
            "Arg3": null,
            "Arg4": null
          },
          "syntax": {
            "Arg0": null,
            "Arg1": null,
            "Arg2": null,
            "Arg3": null,
            "Arg4": null
          }
        },
        {
          "sent_ID": "dante_01_461258410596368384l",
          "text": "3 carteiras diferentes para investir Bolsa , segundo a Concórdia : Nenhuma de as carteiras sofre ... http://t.co/D5Uo3w5vQ4 #infomoney #vale5",
          "realization": {
            "Arg0": null,
            "Arg1": "diferentes",
            "Arg2": null,
            "Arg3": null,
            "Arg4": null
          },
          "syntax": {
            "Arg0": null,
            "Arg1": "amod",
            "Arg2": null,
            "Arg3": null,
            "Arg4": null
          }
        },
        {
          "sent_ID": "dante_01_461258410596368384l",
          "text": "3 carteiras diferentes para investir Bolsa , segundo a Concórdia : Nenhuma de as carteiras sofre ... http://t.co/D5Uo3w5vQ4 #infomoney #vale5",
          "realization": {
            "Arg0": null,
            "Arg1": null,
            "Arg2": null,
            "Arg3": null,
            "Arg4": null
          },
          "syntax": {
            "Arg0": null,
            "Arg1": null,
            "Arg2": null,
            "Arg3": null,
            "Arg4": null
          }
        },
        {
          "sent_ID": "dante_01_449564010414088193l",
          "text": "Mas não dá para ficar sem PETR4 em a carteira , por causa de a liquidez em opções . Essas últimas altas reaqueceram violentamente o mercado .",
          "realization": {
            "Arg0": null,
            "Arg1": "PETR4",
            "Arg2": null,
            "Arg3": null,
            "Arg4": null
          },
          "syntax": {
            "Arg0": null,
            "Arg1": "obl",
            "Arg2": null,
            "Arg3": null,
            "Arg4": null
          }
        },
        {
          "sent_ID": "dante_01_449569154329489408l",
          "text": "RT @lambari_trader : Mas não dá para ficar sem PETR4 em a carteira , por causa de a liquidez em opções . Essas últimas altas reaqueceram violentame …",
          "realization": {
            "Arg0": null,
            "Arg1": "PETR4",
            "Arg2": null,
            "Arg3": null,
            "Arg4": null
          },
          "syntax": {
            "Arg0": null,
            "Arg1": "obl",
            "Arg2": null,
            "Arg3": null,
            "Arg4": null
          }
        },
        {
          "sent_ID": "dante_01_441571737994813440l",
          "text": "Aparentemente #LLXL3 se despede de o ibov em a proxima carteira . Aproveitem para dar tchau ! @ferrisss @dfittarelli",
          "realization": {
            "Arg0": "#LLXL3",
            "Arg1": "de o ibov",
            "Arg2": null,
            "Arg3": null,
            "Arg4": null
          },
          "syntax": {
            "Arg0": "nsubj",
            "Arg1": "obl",
            "Arg2": null,
            "Arg3": null,
            "Arg4": null
          }
        },
        {
          "sent_ID": "dante_01_461129662991986690l",
          "text": "Conforme previsto por analistas , #itub4 teve lucro menor . Estou tirando esse papel de a minha carteira por não enxergar ganhos expressivos",
          "realization": {
            "Arg0": "Estou",
            "Arg1": "esse papel",
            "Arg2": null,
            "Arg3": null,
            "Arg4": null
          },
          "syntax": {
            "Arg0": "aux",
            "Arg1": "obj",
            "Arg2": null,
            "Arg3": null,
            "Arg4": null
          }
        },
        {
          "sent_ID": "dante_01_452088399588249600l",
          "text": "@nahasbap … e vc imagina o mané aqui , que tem só 56 % de a carteira em VALE5 ! Tô rindo de orelha a orelha , eh eh …",
          "realization": {
            "Arg0": "o mané aqui",
            "Arg1": "em VALE5",
            "Arg2": null,
            "Arg3": null,
            "Arg4": null
          },
          "syntax": {
            "Arg0": "advmod",
            "Arg1": "obl",
            "Arg2": null,
            "Arg3": null,
            "Arg4": null
          }
        },
        {
          "sent_ID": "dante_01_443785289316982785l",
          "text": "#BBSE3 preço alvo R$ 27,00 - Corretora recomenda 3 carteiras para março : arrojada , dinâmica e moderada Veja mais em : http://t.co/EjU3oD5j5Q",
          "realization": {
            "Arg0": null,
            "Arg1": null,
            "Arg2": null,
            "Arg3": null,
            "Arg4": null
          },
          "syntax": {
            "Arg0": null,
            "Arg1": null,
            "Arg2": null,
            "Arg3": null,
            "Arg4": null
          }
        },
        {
          "sent_ID": "dante_01_446019603823476736l",
          "text": "Concórdia recomenda 15 papéis para investir ainda em essa semana , confira : Apenas uma de as cart ... http://t.co/0AEpn96biL #infomoney #vale5",
          "realization": {
            "Arg0": null,
            "Arg1": null,
            "Arg2": null,
            "Arg3": null,
            "Arg4": null
          },
          "syntax": {
            "Arg0": null,
            "Arg1": null,
            "Arg2": null,
            "Arg3": null,
            "Arg4": null
          }
        },
        {
          "sent_ID": "dante_01_448122571897044995l",
          "text": "Concórdia recomenda Vale , Ambev , Gerdau e mais 13 papéis para essa semana : As três carteiras ... http://t.co/vaWwX03Urc #infomoney #vale5",
          "realization": {
            "Arg0": null,
            "Arg1": null,
            "Arg2": null,
            "Arg3": null,
            "Arg4": null
          },
          "syntax": {
            "Arg0": null,
            "Arg1": null,
            "Arg2": null,
            "Arg3": null,
            "Arg4": null
          }
        },
        {
          "sent_ID": "dante_01_445536647514312705l",
          "text": "Inva faz modificações em sua carteira mensal , confira : Saíram as ações de a Unicasa ( UCAS3 ) e , ... http://t.co/W7eCmN8kCD #infomoney #vale5",
          "realization": {
            "Arg0": "Inva",
            "Arg1": null,
            "Arg2": null,
            "Arg3": null,
            "Arg4": null
          },
          "syntax": {
            "Arg0": "nsubj",
            "Arg1": null,
            "Arg2": null,
            "Arg3": null,
            "Arg4": null
          }
        },
        {
          "sent_ID": "dante_01_448168183770267648l",
          "text": "Corretora recomenda 10 ações para comprar em a semana : A carteira de a Socopa foi mantida para e ... http://t.co/Z1p25jjXp8 #infomoney #vale5",
          "realization": {
            "Arg0": null,
            "Arg1": "de a Socopa",
            "Arg2": null,
            "Arg3": null,
            "Arg4": null
          },
          "syntax": {
            "Arg0": null,
            "Arg1": "nmod",
            "Arg2": null,
            "Arg3": null,
            "Arg4": null
          }
        },
        {
          "sent_ID": "dante_01_461038611555958784l",
          "text": "Mudanças em a carteira de ações de a Lato Sensu . Saída de AEDU3 e BBSE3 ( por apresentarem redução em o seus valores ... http://t.co/1LVOZVEF5e",
          "realization": {
            "Arg0": null,
            "Arg1": "de ações de a Lato Sensu",
            "Arg2": null,
            "Arg3": null,
            "Arg4": null
          },
          "syntax": {
            "Arg0": null,
            "Arg1": "flat:name",
            "Arg2": null,
            "Arg3": null,
            "Arg4": null
          }
        },
        {
          "sent_ID": "dante_01_445626997151399936l",
          "text": "E isso em um prazo de 1 mês . Imaginem o tamanho de a força compradora ? Vale entrada pra manter em carteira em curto prazo ' CP ' . #CSNA3",
          "realization": {
            "Arg0": null,
            "Arg1": null,
            "Arg2": null,
            "Arg3": null,
            "Arg4": null
          },
          "syntax": {
            "Arg0": null,
            "Arg1": null,
            "Arg2": null,
            "Arg3": null,
            "Arg4": null
          }
        },
        {
          "sent_ID": "dante_01_451769186209918976l",
          "text": "Coinvalores divulga carteira com 15 ações para comprar em este mês : Em este mês , entraram os pap ... http://t.co/1PG0ZZTTFL #infomoney #vale5",
          "realization": {
            "Arg0": null,
            "Arg1": "com 15 ações",
            "Arg2": null,
            "Arg3": null,
            "Arg4": null
          },
          "syntax": {
            "Arg0": null,
            "Arg1": "nmod",
            "Arg2": null,
            "Arg3": null,
            "Arg4": null
          }
        },
        {
          "sent_ID": "dante_01_443853159660654592l",
          "text": "Ativa faz mudanças em carteira de março , veja quem saiu e quem entrou : A nova escolhida por o ... http://t.co/mEfz1RLyk9 #infomoney #vale5",
          "realization": {
            "Arg0": "Ativa",
            "Arg1": null,
            "Arg2": null,
            "Arg3": null,
            "Arg4": null
          },
          "syntax": {
            "Arg0": "nsubj",
            "Arg1": null,
            "Arg2": null,
            "Arg3": null,
            "Arg4": null
          }
        },
        {
          "sent_ID": "dante_01_459291826718273536l",
          "text": "Carteira de Crédito Expandida , em março de 2014 , atingiu R$ 432,297 bilhões , evolução de 10,4 % em relação a o mesmo período de 2013 . #BBDC4",
          "realization": {
            "Arg0": null,
            "Arg1": "de Crédito Expandida",
            "Arg2": null,
            "Arg3": null,
            "Arg4": null
          },
          "syntax": {
            "Arg0": null,
            "Arg1": "amod",
            "Arg2": null,
            "Arg3": null,
            "Arg4": null
          }
        },
        {
          "sent_ID": "dante_01_449566049454014464l",
          "text": "A última vez que fui completamente exercido em PETR4 : novembro de 2013 , PETRK19 . Zerei a carteira e voltei em a faixa de os $ 16 .",
          "realization": {
            "Arg0": null,
            "Arg1": null,
            "Arg2": "em a faixa de os $ 16",
            "Arg3": null,
            "Arg4": null
          },
          "syntax": {
            "Arg0": null,
            "Arg1": null,
            "Arg2": "nummod",
            "Arg3": null,
            "Arg4": null
          }
        },
        {
          "sent_ID": "dante_01_449569157039001601l",
          "text": "RT @lambari_trader : A última vez que fui completamente exercido em PETR4 : novembro de 2013 , PETRK19 . Zerei a carteira e voltei em a faixa de os …",
          "realization": {
            "Arg0": null,
            "Arg1": null,
            "Arg2": "em a faixa de os",
            "Arg3": null,
            "Arg4": null
          },
          "syntax": {
            "Arg0": null,
            "Arg1": null,
            "Arg2": "nmod:strunc",
            "Arg3": null,
            "Arg4": null
          }
        },
        {
          "sent_ID": "dante_01_453994043845140481l",
          "text": "Encerramos Hering ( HGTX3 ) com 4,99 % de prejuízo . O Ibov continua correção porém a carteira de o MB - EOD - 1 está ... http://t.co/tZEYyHGVe2",
          "realization": {
            "Arg0": null,
            "Arg1": "de o MB - EOD",
            "Arg2": null,
            "Arg3": null,
            "Arg4": null
          },
          "syntax": {
            "Arg0": null,
            "Arg1": "flat:name",
            "Arg2": null,
            "Arg3": null,
            "Arg4": null
          }
        },
        {
          "sent_ID": "dante_01_448065036742057984l",
          "text": "@DuctorMarcus Em o sábado fui olhar minha carteira , por o HB BB , e constava que a Petr4 fechou a R$ 17,76 chegando até a R$ 22,00 como pode ?",
          "realization": {
            "Arg0": "minha",
            "Arg1": "por o HB BB",
            "Arg2": null,
            "Arg3": null,
            "Arg4": null
          },
          "syntax": {
            "Arg0": "det",
            "Arg1": "nmod",
            "Arg2": null,
            "Arg3": null,
            "Arg4": null
          }
        },
        {
          "sent_ID": "dante_01_452089363938414592l",
          "text": "Os outros 20 % de a carteira estão em BBAS3 e BVMF3 . Também recuperaram bem ultimamente . Nada a reclamar . Parei até de malhar o PT e a Dilma !",
          "realization": {
            "Arg0": null,
            "Arg1": "em BBAS3 e BVMF3",
            "Arg2": null,
            "Arg3": null,
            "Arg4": null
          },
          "syntax": {
            "Arg0": null,
            "Arg1": "root",
            "Arg2": null,
            "Arg3": null,
            "Arg4": null
          }
        },
        {
          "sent_ID": "dante_01_456173625939599360l",
          "text": "@danielschettin0 Tô com ti ... VALE5 tem um peso MONSTRUOSO em a minha carteira , por causa de a venda coberta de opções . abç !",
          "realization": {
            "Arg0": "em a minha",
            "Arg1": "VALE5",
            "Arg2": null,
            "Arg3": null,
            "Arg4": null
          },
          "syntax": {
            "Arg0": "det",
            "Arg1": "nsubj",
            "Arg2": null,
            "Arg3": null,
            "Arg4": null
          }
        }
      ],
      "syntactic_profile": {
        "Arg0": {
          "nsubj": 4,
          "det": 3,
          "aux": 1,
          "advmod": 1
        },
        "Arg1": {
          "nmod": 8,
          "appos": 1,
          "obl": 6,
          "parataxis": 2,
          "nmod:wtrunc": 1,
          "flat:name": 3,
          "obj": 3,
          "amod": 2,
          "root": 1,
          "nsubj": 1
        },
        "Arg2": {
          "nummod": 1,
          "nmod:strunc": 1
        }
      }
    }
  ]
}