{
  "lemma": "compra",
  "lemma_base": "compra",
  "senses": [
    {
      "pt_roleset": "compra.01",
      "pt_sense_index": 1,
      "pt_sense_hint": 1,
      "english_roleset": "buy.01",
      "english_roleset_source": "verb-buy.01",
      "nombank_url": "https://nlp.cs.nyu.edu/meyers/nombank/nombank.1.0/frames/buy.xml",
      "roles": [
        {
          "id": "Arg0",
          "desc": "buyer"
        },
        {
          "id": "Arg1",
          "desc": "thing bought"
        },
        {
          "id": "Arg2",
          "desc": "seller"
        },
        {
          "id": "Arg3",
          "desc": "price paid"
        },
        {
          "id": "Arg4",
          "desc": "beneficiary"
        }
      ],
      "examples": [
        {
          "sent_ID": "dante_01_446638058633699328l",
          "text": "$RENT3 - Localiza ( rent-nm ) - Proposta De Dividendos Para Ago / Distribuicao De Juros Cp http://t.co/bLjTH8bSid",
          "realization": {
            "Arg0": null,
            "Arg1": null,
            "Arg2": null,
            "Arg3": null,
            "Arg4": null
          },
          "syntax": {
            "Arg0": null,
            "Arg1": null,
            "Arg2": null,
            "Arg3": null,
            "Arg4": null
          }
        },
        {
          "sent_ID": "dante_01_445626997151399936l",
          "text": "E isso em um prazo de 1 mês . Imaginem o tamanho de a força compradora ? Vale entrada pra manter em carteira em curto prazo ' CP ' . #CSNA3",
          "realization": {
            "Arg0": null,
            "Arg1": null,
            "Arg2": null,
            "Arg3": null,
            "Arg4": null
          },
          "syntax": {
            "Arg0": null,
            "Arg1": null,
            "Arg2": null,
            "Arg3": null,
            "Arg4": null
          }
        },
        {
          "sent_ID": "dante_01_445626404919853056l",
          "text": "CSN vai recomprar 10 % de as ações em circulação , 70,2 milhões de ações . Ativo mira 10 em o CP a o meu ver . #CSNA3",
          "realization": {
            "Arg0": null,
            "Arg1": null,
            "Arg2": null,
            "Arg3": null,
            "Arg4": null
          },
          "syntax": {
            "Arg0": null,
            "Arg1": null,
            "Arg2": null,
            "Arg3": null,
            "Arg4": null
          }
        },
        {
          "sent_ID": "dante_01_469828355789840384l",
          "text": "Notas gerais A BRF ( BRFS3 ) concluiu e encerrou seu programa de compra de um milhão de ações de a companhia em ... http://t.co/C1gY13dUJ4",
          "realization": {
            "Arg0": null,
            "Arg1": "de um milhão de ações de a companhia em",
            "Arg2": null,
            "Arg3": null,
            "Arg4": null
          },
          "syntax": {
            "Arg0": null,
            "Arg1": "obl:strunc",
            "Arg2": null,
            "Arg3": null,
            "Arg4": null
          }
        },
        {
          "sent_ID": "dante_01_448936578715774977l",
          "text": "RT @bovespabrokers : A Petrobras #PETR4 confirmou hoje que abriu uma comissão interna ' de alto nível ' para apurar os detalhes de a compra de a r …",
          "realization": {
            "Arg0": null,
            "Arg1": "de a r",
            "Arg2": null,
            "Arg3": null,
            "Arg4": null
          },
          "syntax": {
            "Arg0": null,
            "Arg1": "nmod:wtrunc",
            "Arg2": null,
            "Arg3": null,
            "Arg4": null
          }
        },
        {
          "sent_ID": "dante_01_445687170125549568l",
          "text": "@ppaulovagner @Fontes_ Hj a tarde recebi relatório em PDF de a corretora @Citi recomendando compra de #USIM5 , fica de olho Paulo .",
          "realization": {
            "Arg0": null,
            "Arg1": "de #USIM5",
            "Arg2": null,
            "Arg3": null,
            "Arg4": null
          },
          "syntax": {
            "Arg0": null,
            "Arg1": "nmod",
            "Arg2": null,
            "Arg3": null,
            "Arg4": null
          }
        },
        {
          "sent_ID": "dante_01_459685070555852800l",
          "text": "Usim5 de olho em a cp",
          "realization": {
            "Arg0": null,
            "Arg1": null,
            "Arg2": null,
            "Arg3": null,
            "Arg4": null
          },
          "syntax": {
            "Arg0": null,
            "Arg1": null,
            "Arg2": null,
            "Arg3": null,
            "Arg4": null
          }
        },
        {
          "sent_ID": "dante_01_443881920188145664l",
          "text": "RT @AASchwartz : @piavu e as recomendações de compra em jbss3 e mmxm3 de o @ferrisss em o início de o ano . Se ele soubesse um mín de AT não levava …",
          "realization": {
            "Arg0": null,
            "Arg1": null,
            "Arg2": null,
            "Arg3": null,
            "Arg4": null
          },
          "syntax": {
            "Arg0": null,
            "Arg1": null,
            "Arg2": null,
            "Arg3": null,
            "Arg4": null
          }
        },
        {
          "sent_ID": "dante_01_446366101790679040l",
          "text": "#ELET3 Deu compra em o MENSAL ... ( mensagem : 952244 ) http://t.co/hd86AAUwYH",
          "realization": {
            "Arg0": null,
            "Arg1": null,
            "Arg2": null,
            "Arg3": null,
            "Arg4": null
          },
          "syntax": {
            "Arg0": null,
            "Arg1": null,
            "Arg2": null,
            "Arg3": null,
            "Arg4": null
          }
        },
        {
          "sent_ID": "dante_01_445565024912683008l",
          "text": "EM TEMPO REAL : Gol dispara mais de 5 % , Usiminas sobe após mais um banco indicar compra : Acom ... http://t.co/YICDFnYOqK #infomoney #vale5",
          "realization": {
            "Arg0": "banco",
            "Arg1": "Usiminas",
            "Arg2": null,
            "Arg3": null,
            "Arg4": null
          },
          "syntax": {
            "Arg0": "nsubj",
            "Arg1": "nsubj",
            "Arg2": null,
            "Arg3": null,
            "Arg4": null
          }
        },
        {
          "sent_ID": "dante_01_460775523166461953l",
          "text": "#BR #BOVESPA #FIBR3 Fibria Celulose divulga fato relevante sobre plano de outorga de opção de compra de ações . http://t.co/xVMnlhrXwG",
          "realization": {
            "Arg0": null,
            "Arg1": "de ações",
            "Arg2": null,
            "Arg3": null,
            "Arg4": null
          },
          "syntax": {
            "Arg0": null,
            "Arg1": "nmod",
            "Arg2": null,
            "Arg3": null,
            "Arg4": null
          }
        },
        {
          "sent_ID": "dante_01_456387515193106432l",
          "text": "Presidente de a #PETR4 dizer que compra de a refinaria de pasadena não foi um bom negócio é palhaçada . Mau negócio é ter que aturar ela .",
          "realization": {
            "Arg0": null,
            "Arg1": "de a refinaria",
            "Arg2": null,
            "Arg3": null,
            "Arg4": null
          },
          "syntax": {
            "Arg0": null,
            "Arg1": "nmod",
            "Arg2": null,
            "Arg3": null,
            "Arg4": null
          }
        },
        {
          "sent_ID": "dante_01_448828284781219840l",
          "text": "#petr4 RT Ex-presidente de a Petrobras nomeou primo para estatal em os EUA em a época de a compra de Pasadena http://t.co/0vRJaMtKH3 #mercados_IM",
          "realization": {
            "Arg0": null,
            "Arg1": "de Pasadena",
            "Arg2": null,
            "Arg3": null,
            "Arg4": null
          },
          "syntax": {
            "Arg0": null,
            "Arg1": "nmod",
            "Arg2": null,
            "Arg3": null,
            "Arg4": null
          }
        },
        {
          "sent_ID": "dante_01_448833656929652736l",
          "text": "RT @Igorcrp : #petr4 RT Ex-presidente de a Petrobras nomeou primo para estatal em os EUA em a época de a compra de Pasadena http://t.co/0vRJaMtKH3 …",
          "realization": {
            "Arg0": null,
            "Arg1": "de Pasadena",
            "Arg2": null,
            "Arg3": null,
            "Arg4": null
          },
          "syntax": {
            "Arg0": null,
            "Arg1": "nmod",
            "Arg2": null,
            "Arg3": null,
            "Arg4": null
          }
        },
        {
          "sent_ID": "dante_01_459308840195194880l",
          "text": "Com a decisão de o STF sobre a CPI exclusiva de a #PETROBRAS , hj é o dia ' D ' de o papel . Várias oportunidades de CP serão abertas . #PETR4",
          "realization": {
            "Arg0": null,
            "Arg1": null,
            "Arg2": null,
            "Arg3": null,
            "Arg4": null
          },
          "syntax": {
            "Arg0": null,
            "Arg1": null,
            "Arg2": null,
            "Arg3": null,
            "Arg4": null
          }
        },
        {
          "sent_ID": "dante_01_445910769411293184l",
          "text": "Foi lá agora é aguardar ! ! ! RT @Live_Trade : #vale5 26,28 o de 15 que fechar acima , cp rompimrnto",
          "realization": {
            "Arg0": null,
            "Arg1": "rompimento",
            "Arg2": null,
            "Arg3": null,
            "Arg4": null
          },
          "syntax": {
            "Arg0": null,
            "Arg1": null,
            "Arg2": null,
            "Arg3": null,
            "Arg4": null
          }
        },
        {
          "sent_ID": "dante_01_453912668697821184l",
          "text": "@Live_Trade Marcos , o que vc acha de #FIBR3 ? vale uma entrada em a cp ?",
          "realization": {
            "Arg0": null,
            "Arg1": null,
            "Arg2": null,
            "Arg3": null,
            "Arg4": null
          },
          "syntax": {
            "Arg0": null,
            "Arg1": null,
            "Arg2": null,
            "Arg3": null,
            "Arg4": null
          }
        },
        {
          "sent_ID": "dante_01_456132193338015744l",
          "text": "@Live_Trade oi marcos , fala alguma coisa de petr4 ai rs , ja confuso se fico em a venda ou entro em a compra ..",
          "realization": {
            "Arg0": null,
            "Arg1": null,
            "Arg2": null,
            "Arg3": null,
            "Arg4": null
          },
          "syntax": {
            "Arg0": null,
            "Arg1": null,
            "Arg2": null,
            "Arg3": null,
            "Arg4": null
          }
        },
        {
          "sent_ID": "dante_01_460857889209745410l",
          "text": "@Live_Trade Marcos , o que você acha de compra em a petr4 para posição ?",
          "realization": {
            "Arg0": null,
            "Arg1": "em a petr4 para posição",
            "Arg2": null,
            "Arg3": null,
            "Arg4": null
          },
          "syntax": {
            "Arg0": null,
            "Arg1": "nmod",
            "Arg2": null,
            "Arg3": null,
            "Arg4": null
          }
        },
        {
          "sent_ID": "dante_01_448484680095236096l",
          "text": "Sinergias com compra de a Seara por a #JBSS3 superam estimativa inicial , diz CEO http://t.co/VOiUs0cpyx",
          "realization": {
            "Arg0": "por a #JBSS3",
            "Arg1": "de a Seara",
            "Arg2": null,
            "Arg3": null,
            "Arg4": null
          },
          "syntax": {
            "Arg0": "nmod",
            "Arg1": "nmod",
            "Arg2": null,
            "Arg3": null,
            "Arg4": null
          }
        },
        {
          "sent_ID": "dante_01_455738320623247360l",
          "text": "CCRO3 acionou a compra !",
          "realization": {
            "Arg0": null,
            "Arg1": null,
            "Arg2": null,
            "Arg3": null,
            "Arg4": null
          },
          "syntax": {
            "Arg0": null,
            "Arg1": null,
            "Arg2": null,
            "Arg3": null,
            "Arg4": null
          }
        },
        {
          "sent_ID": "dante_01_458242961801609216l",
          "text": "Único gatilho de a semana : brml3 , em a compra ! http://t.co/1zhTuobQ6D",
          "realization": {
            "Arg0": null,
            "Arg1": "brml3",
            "Arg2": null,
            "Arg3": null,
            "Arg4": null
          },
          "syntax": {
            "Arg0": null,
            "Arg1": "root",
            "Arg2": null,
            "Arg3": null,
            "Arg4": null
          }
        },
        {
          "sent_ID": "dante_01_458591828041011200l",
          "text": "BRML3 abriu a semana acionando a compra !",
          "realization": {
            "Arg0": null,
            "Arg1": null,
            "Arg2": null,
            "Arg3": null,
            "Arg4": null
          },
          "syntax": {
            "Arg0": null,
            "Arg1": null,
            "Arg2": null,
            "Arg3": null,
            "Arg4": null
          }
        },
        {
          "sent_ID": "dante_01_462328786717904896l",
          "text": "BELISCADA ( compra ) - PETR4 http://t.co/BJGz6cISsI via @OInvestmania",
          "realization": {
            "Arg0": null,
            "Arg1": null,
            "Arg2": null,
            "Arg3": null,
            "Arg4": null
          },
          "syntax": {
            "Arg0": null,
            "Arg1": null,
            "Arg2": null,
            "Arg3": null,
            "Arg4": null
          }
        },
        {
          "sent_ID": "dante_01_460752810272116737l",
          "text": "$FIBR3 - Fibria ( fibr-nm ) - Fato Relevante - Aprovacao De Plano De Opcao De Compra http://t.co/MtFkX9xcjU",
          "realization": {
            "Arg0": null,
            "Arg1": null,
            "Arg2": null,
            "Arg3": null,
            "Arg4": null
          },
          "syntax": {
            "Arg0": null,
            "Arg1": null,
            "Arg2": null,
            "Arg3": null,
            "Arg4": null
          }
        },
        {
          "sent_ID": "dante_01_444461550502690817l",
          "text": "MRVE3 vender a R$ 7.86 indicado em 14/03/2014 10:14 e finalizou a compra com resultado de R$ - 0.47 ou - 5.64 % http://t.co/kgt1YiTbF7",
          "realization": {
            "Arg0": null,
            "Arg1": null,
            "Arg2": null,
            "Arg3": null,
            "Arg4": null
          },
          "syntax": {
            "Arg0": null,
            "Arg1": null,
            "Arg2": null,
            "Arg3": null,
            "Arg4": null
          }
        },
        {
          "sent_ID": "dante_01_444504826844811264l",
          "text": "ELPL4 vender a R$ 7.68 indicado em 14/03/2014 13:06 e finalizou a compra com resultado de R$ - 0.37 ou - 4.60 % http://t.co/kgt1YiTbF7",
          "realization": {
            "Arg0": null,
            "Arg1": null,
            "Arg2": null,
            "Arg3": null,
            "Arg4": null
          },
          "syntax": {
            "Arg0": null,
            "Arg1": null,
            "Arg2": null,
            "Arg3": null,
            "Arg4": null
          }
        },
        {
          "sent_ID": "dante_01_445983512223830016l",
          "text": "MRVE3 vender a R$ 7.02 indicado em 18/03/2014 15:02 e finalizou a compra com resultado de R$ - 0.10 ou - 1.40 % http://t.co/kgt1YiTbF7",
          "realization": {
            "Arg0": null,
            "Arg1": null,
            "Arg2": null,
            "Arg3": null,
            "Arg4": null
          },
          "syntax": {
            "Arg0": null,
            "Arg1": null,
            "Arg2": null,
            "Arg3": null,
            "Arg4": null
          }
        },
        {
          "sent_ID": "dante_01_446350226698539008l",
          "text": "MRVE3 vender a R$ 7.12 indicado em 19/03/2014 14:37 e finalizou a compra com resultado de R$ - 0.02 ou - 0.28 % http://t.co/kgt1YiTbF7",
          "realization": {
            "Arg0": null,
            "Arg1": null,
            "Arg2": null,
            "Arg3": null,
            "Arg4": null
          },
          "syntax": {
            "Arg0": null,
            "Arg1": null,
            "Arg2": null,
            "Arg3": null,
            "Arg4": null
          }
        },
        {
          "sent_ID": "dante_01_443015475661144064l",
          "text": "Região 24,6 a 24,65 RT @Live_Trade : Fibr3 observo p/ compra",
          "realization": {
            "Arg0": null,
            "Arg1": "Fibr3",
            "Arg2": null,
            "Arg3": null,
            "Arg4": null
          },
          "syntax": {
            "Arg0": null,
            "Arg1": "obj",
            "Arg2": null,
            "Arg3": null,
            "Arg4": null
          }
        },
        {
          "sent_ID": "dante_01_444137554791890944l",
          "text": "RT @Live_Trade : de volta ... #petr4 chegando 13,15 , faltam 2 cents , vale5 26,2 tb interessa em a compra",
          "realization": {
            "Arg0": null,
            "Arg1": "vale5",
            "Arg2": null,
            "Arg3": null,
            "Arg4": null
          },
          "syntax": {
            "Arg0": null,
            "Arg1": "nsubj",
            "Arg2": null,
            "Arg3": null,
            "Arg4": null
          }
        },
        {
          "sent_ID": "dante_01_444184272732426240l",
          "text": "RT @Live_Trade : #llxl3 começo a monitorarquais vrs , cp ?",
          "realization": {
            "Arg0": null,
            "Arg1": null,
            "Arg2": null,
            "Arg3": null,
            "Arg4": null
          },
          "syntax": {
            "Arg0": null,
            "Arg1": null,
            "Arg2": null,
            "Arg3": null,
            "Arg4": null
          }
        },
        {
          "sent_ID": "dante_01_444452997243076608l",
          "text": "@Live_Trade quais os objetivos de essa compra ? fiquei interessado #usim5",
          "realization": {
            "Arg0": null,
            "Arg1": null,
            "Arg2": null,
            "Arg3": null,
            "Arg4": null
          },
          "syntax": {
            "Arg0": null,
            "Arg1": null,
            "Arg2": null,
            "Arg3": null,
            "Arg4": null
          }
        },
        {
          "sent_ID": "dante_01_444466476884713472l",
          "text": "Chegando ! ! ! RT @Live_Trade : #vale5 observo para compra caso segure região 25,62",
          "realization": {
            "Arg0": null,
            "Arg1": "#vale5",
            "Arg2": null,
            "Arg3": null,
            "Arg4": null
          },
          "syntax": {
            "Arg0": null,
            "Arg1": "obj",
            "Arg2": null,
            "Arg3": null,
            "Arg4": null
          }
        },
        {
          "sent_ID": "dante_01_445536830776434688l",
          "text": "RT @Live_Trade : Krk siderurgia em peso aparecendo aqui p/ cp csna3 , ggbr4 , goau4 , usim5 ... reação de o setor ? vamos ver em a segunda se confirma",
          "realization": {
            "Arg0": null,
            "Arg1": "Krk siderurgia",
            "Arg2": null,
            "Arg3": null,
            "Arg4": null
          },
          "syntax": {
            "Arg0": null,
            "Arg1": "nmod",
            "Arg2": null,
            "Arg3": null,
            "Arg4": null
          }
        },
        {
          "sent_ID": "dante_01_446663297103060992l",
          "text": "Postado há 0 dias ... quem segue sabe RT @Live_Trade : #petr4 amanhã em o primeiro sinal intra entro em a compra",
          "realization": {
            "Arg0": null,
            "Arg1": null,
            "Arg2": null,
            "Arg3": null,
            "Arg4": null
          },
          "syntax": {
            "Arg0": null,
            "Arg1": null,
            "Arg2": null,
            "Arg3": null,
            "Arg4": null
          }
        },
        {
          "sent_ID": "dante_01_459695876471287809l",
          "text": "@Live_Trade deu sinal de compra aqui em o baralhada #usim5",
          "realization": {
            "Arg0": null,
            "Arg1": null,
            "Arg2": null,
            "Arg3": null,
            "Arg4": null
          },
          "syntax": {
            "Arg0": null,
            "Arg1": null,
            "Arg2": null,
            "Arg3": null,
            "Arg4": null
          }
        },
        {
          "sent_ID": "dante_01_466624936929673216l",
          "text": "#csna3 9,56 + 2,91 % ! ! ! Call de compra .",
          "realization": {
            "Arg0": null,
            "Arg1": null,
            "Arg2": null,
            "Arg3": null,
            "Arg4": null
          },
          "syntax": {
            "Arg0": null,
            "Arg1": null,
            "Arg2": null,
            "Arg3": null,
            "Arg4": null
          }
        },
        {
          "sent_ID": "dante_01_455335639634817024l",
          "text": "Gatilho position , semana que vem : Ativo ccro3 - Compra - Validade 18/abr - Start 17,76 - Stop 16,71 - RP 18,81 http://t.co/eH2Pzf26yN",
          "realization": {
            "Arg0": null,
            "Arg1": null,
            "Arg2": null,
            "Arg3": null,
            "Arg4": null
          },
          "syntax": {
            "Arg0": null,
            "Arg1": null,
            "Arg2": null,
            "Arg3": null,
            "Arg4": null
          }
        },
        {
          "sent_ID": "dante_01_458242839713820672l",
          "text": "Gatilho position , semana que vem : Ativo BRML3 - Compra - Validade 25/abr - Start 19,10 - Stop 18,20 - RP 20,00 http://t.co/57bZ06X9nE",
          "realization": {
            "Arg0": null,
            "Arg1": null,
            "Arg2": null,
            "Arg3": null,
            "Arg4": null
          },
          "syntax": {
            "Arg0": null,
            "Arg1": null,
            "Arg2": null,
            "Arg3": null,
            "Arg4": null
          }
        },
        {
          "sent_ID": "dante_01_448936393461731328l",
          "text": "A Petrobras #PETR4 confirmou hoje que abriu uma comissão interna ' de alto nível ' para apurar os detalhes de a compra de a refinaria de Pasadena .",
          "realization": {
            "Arg0": null,
            "Arg1": "de a refinaria de Pasadena",
            "Arg2": null,
            "Arg3": null,
            "Arg4": null
          },
          "syntax": {
            "Arg0": null,
            "Arg1": "nmod",
            "Arg2": null,
            "Arg3": null,
            "Arg4": null
          }
        },
        {
          "sent_ID": "dante_01_456137517872340992l",
          "text": "Concórdia recomenda compra de 15 ações , BB e Itaú estão em a lista : As três carteiras de a corre ... http://t.co/CH4vwrl2L5 #infomoney #vale5",
          "realization": {
            "Arg0": null,
            "Arg1": "de 15 ações",
            "Arg2": null,
            "Arg3": null,
            "Arg4": null
          },
          "syntax": {
            "Arg0": null,
            "Arg1": "nmod",
            "Arg2": null,
            "Arg3": null,
            "Arg4": null
          }
        },
        {
          "sent_ID": "dante_01_456844261141774336l",
          "text": "#VALE5 Agora já dá para ter mais confiança em a compra , em o momento acima de o topo de ontem confirmando fundo .",
          "realization": {
            "Arg0": null,
            "Arg1": null,
            "Arg2": null,
            "Arg3": null,
            "Arg4": null
          },
          "syntax": {
            "Arg0": null,
            "Arg1": null,
            "Arg2": null,
            "Arg3": null,
            "Arg4": null
          }
        },
        {
          "sent_ID": "dante_01_459705031894507520l",
          "text": "Spread de 0,08 em a #PETR4 que bosta de mercado ! 0,51 % de variação entre a compra e a venda",
          "realization": {
            "Arg0": null,
            "Arg1": null,
            "Arg2": null,
            "Arg3": null,
            "Arg4": null
          },
          "syntax": {
            "Arg0": null,
            "Arg1": null,
            "Arg2": null,
            "Arg3": null,
            "Arg4": null
          }
        },
        {
          "sent_ID": "dante_01_446655962460749824l",
          "text": "#PETR4 subindo ... e os gringos em a venda . Estranho não ? Em a compra só Bradesco , Brasil Plural , Convencão e BTG .",
          "realization": {
            "Arg0": null,
            "Arg1": null,
            "Arg2": null,
            "Arg3": null,
            "Arg4": null
          },
          "syntax": {
            "Arg0": null,
            "Arg1": null,
            "Arg2": null,
            "Arg3": null,
            "Arg4": null
          }
        },
        {
          "sent_ID": "dante_01_447161570007982082l",
          "text": "To vendo os numeros de a compra de a refinaria por a petr4 em o JN . Nao parece muito fora . Os belgas tiveram invest. + capex. 01/02",
          "realization": {
            "Arg0": "por a petr4",
            "Arg1": "de a refinaria",
            "Arg2": null,
            "Arg3": null,
            "Arg4": null
          },
          "syntax": {
            "Arg0": "nmod",
            "Arg1": "nmod",
            "Arg2": null,
            "Arg3": null,
            "Arg4": null
          }
        },
        {
          "sent_ID": "dante_01_453631123914899457l",
          "text": "@ferrisss Epa ganhei em a Petr4 hoje duas compras uma em 15,84 venda 16,02 e outra compra 15,9 venda em o leilao .",
          "realization": {
            "Arg0": null,
            "Arg1": null,
            "Arg2": null,
            "Arg3": null,
            "Arg4": null
          },
          "syntax": {
            "Arg0": null,
            "Arg1": null,
            "Arg2": null,
            "Arg3": null,
            "Arg4": null
          }
        },
        {
          "sent_ID": "dante_01_453631123914899457l",
          "text": "@ferrisss Epa ganhei em a Petr4 hoje duas compras uma em 15,84 venda 16,02 e outra compra 15,9 venda em o leilao .",
          "realization": {
            "Arg0": null,
            "Arg1": null,
            "Arg2": null,
            "Arg3": "15,9 venda",
            "Arg4": null
          },
          "syntax": {
            "Arg0": null,
            "Arg1": null,
            "Arg2": null,
            "Arg3": "parataxis",
            "Arg4": null
          }
        },
        {
          "sent_ID": "dante_01_459336018039439360l",
          "text": "Krk muito sinal de cp agora #lame4 a confirmar",
          "realization": {
            "Arg0": null,
            "Arg1": null,
            "Arg2": null,
            "Arg3": null,
            "Arg4": null
          },
          "syntax": {
            "Arg0": null,
            "Arg1": null,
            "Arg2": null,
            "Arg3": null,
            "Arg4": null
          }
        },
        {
          "sent_ID": "dante_01_445557796072079360l",
          "text": "LAME4 em o swing acima de R$ 14,85 parece dar compra ! Recompra de ações é mais um indicador ...",
          "realization": {
            "Arg0": null,
            "Arg1": null,
            "Arg2": null,
            "Arg3": null,
            "Arg4": null
          },
          "syntax": {
            "Arg0": null,
            "Arg1": null,
            "Arg2": null,
            "Arg3": null,
            "Arg4": null
          }
        },
        {
          "sent_ID": "dante_01_445642013623726081l",
          "text": "é ... lá vamos nós para a 10ª semana com IFR semanal de #PETR4 abaixo de 5 . Já pensou como fica quem diz q só por chegar em o 20 já é compra ?",
          "realization": {
            "Arg0": null,
            "Arg1": null,
            "Arg2": null,
            "Arg3": null,
            "Arg4": null
          },
          "syntax": {
            "Arg0": null,
            "Arg1": null,
            "Arg2": null,
            "Arg3": null,
            "Arg4": null
          }
        },
        {
          "sent_ID": "dante_01_450691713724846082l",
          "text": "vale5 ta em uma zona de preço complicado . nem compra nem venda",
          "realization": {
            "Arg0": null,
            "Arg1": null,
            "Arg2": null,
            "Arg3": null,
            "Arg4": null
          },
          "syntax": {
            "Arg0": null,
            "Arg1": null,
            "Arg2": null,
            "Arg3": null,
            "Arg4": null
          }
        },
        {
          "sent_ID": "dante_01_453237939460669440l",
          "text": "#SANB11 - Santander Brasil assina contrato para compra de a Getnet - http://t.co/H56HB4FQ41",
          "realization": {
            "Arg0": null,
            "Arg1": "de a Getnet",
            "Arg2": null,
            "Arg3": null,
            "Arg4": null
          },
          "syntax": {
            "Arg0": null,
            "Arg1": "nmod",
            "Arg2": null,
            "Arg3": null,
            "Arg4": null
          }
        },
        {
          "sent_ID": "dante_01_459768255570509824l",
          "text": "gosta de derivativos , jovem ? olha essa opção de compra de PETR3 com vencimento em agosto",
          "realization": {
            "Arg0": null,
            "Arg1": "de PETR3",
            "Arg2": null,
            "Arg3": null,
            "Arg4": null
          },
          "syntax": {
            "Arg0": null,
            "Arg1": "nmod",
            "Arg2": null,
            "Arg3": null,
            "Arg4": null
          }
        },
        {
          "sent_ID": "dante_01_461129245134426113l",
          "text": "#goau4 ganhou recomendação de compra de uma corretora e já reflete em o preço . #bbas3 disparou ontem , rompeu resistência e Mm : COMPRAR !",
          "realization": {
            "Arg0": null,
            "Arg1": "de uma corretora",
            "Arg2": null,
            "Arg3": null,
            "Arg4": "#goau4"
          },
          "syntax": {
            "Arg0": null,
            "Arg1": "nmod",
            "Arg2": null,
            "Arg3": null,
            "Arg4": "nsubj"
          }
        },
        {
          "sent_ID": "dante_01_447043114604449795l",
          "text": "hihihi #vale5 27,34 encerro operação de compra ...",
          "realization": {
            "Arg0": null,
            "Arg1": null,
            "Arg2": null,
            "Arg3": null,
            "Arg4": null
          },
          "syntax": {
            "Arg0": null,
            "Arg1": null,
            "Arg2": null,
            "Arg3": null,
            "Arg4": null
          }
        },
        {
          "sent_ID": "dante_01_449147872840548353l",
          "text": "@xandymello artigo de a uol publicado ontem . Para eles a PETR4 é para VENDA e não compra . Um pto de vista diferente ... http://t.co/NqfnlWdanB",
          "realization": {
            "Arg0": null,
            "Arg1": null,
            "Arg2": null,
            "Arg3": null,
            "Arg4": null
          },
          "syntax": {
            "Arg0": null,
            "Arg1": null,
            "Arg2": null,
            "Arg3": null,
            "Arg4": null
          }
        },
        {
          "sent_ID": "dante_01_449255328128192512l",
          "text": "@lambari_trader a coisa por lá ( China ) não tá boa prá #VALE5 não . Compras de pellets beeem devagar . http://t.co/LcD7KiUJHK",
          "realization": {
            "Arg0": null,
            "Arg1": "de pellets",
            "Arg2": null,
            "Arg3": null,
            "Arg4": null
          },
          "syntax": {
            "Arg0": null,
            "Arg1": "nmod",
            "Arg2": null,
            "Arg3": null,
            "Arg4": null
          }
        },
        {
          "sent_ID": "dante_01_446650483470766080l",
          "text": "RT @clubedopairico : o que é mais estranho em essa puxada de hoje de a #PETR4 é ver que a corretora que lidera a compra é uma ' desconhecida ' ... …",
          "realization": {
            "Arg0": null,
            "Arg1": null,
            "Arg2": null,
            "Arg3": null,
            "Arg4": null
          },
          "syntax": {
            "Arg0": null,
            "Arg1": null,
            "Arg2": null,
            "Arg3": null,
            "Arg4": null
          }
        },
        {
          "sent_ID": "dante_01_444509288980283392l",
          "text": "A compra que fizemos em ALLL3 . Segue aberta ...",
          "realization": {
            "Arg0": null,
            "Arg1": null,
            "Arg2": null,
            "Arg3": null,
            "Arg4": null
          },
          "syntax": {
            "Arg0": null,
            "Arg1": null,
            "Arg2": null,
            "Arg3": null,
            "Arg4": null
          }
        },
        {
          "sent_ID": "dante_01_458659231336783872l",
          "text": "Exercício de opções movimenta R$ 3,8 bilhões em a Bovespa , Petrobras lidera : Opções de compra ... http://t.co/g7ghwc0Nny #infomoney #vale5",
          "realization": {
            "Arg0": null,
            "Arg1": null,
            "Arg2": null,
            "Arg3": null,
            "Arg4": null
          },
          "syntax": {
            "Arg0": null,
            "Arg1": null,
            "Arg2": null,
            "Arg3": null,
            "Arg4": null
          }
        },
        {
          "sent_ID": "dante_01_456492866760896512l",
          "text": "#ELPL4 acho que está armando um COMPRÃO como poucas vezes já visto . #deolho",
          "realization": {
            "Arg0": null,
            "Arg1": null,
            "Arg2": null,
            "Arg3": null,
            "Arg4": null
          },
          "syntax": {
            "Arg0": null,
            "Arg1": null,
            "Arg2": null,
            "Arg3": null,
            "Arg4": null
          }
        },
        {
          "sent_ID": "dante_01_456052657191264256l",
          "text": "Compra CPFE3 , PSSA3 - 14/04/2014 http://t.co/1WV5XVW7Ab",
          "realization": {
            "Arg0": null,
            "Arg1": "CPFE3 , PSSA3",
            "Arg2": null,
            "Arg3": null,
            "Arg4": null
          },
          "syntax": {
            "Arg0": null,
            "Arg1": "nmod",
            "Arg2": null,
            "Arg3": null,
            "Arg4": null
          }
        },
        {
          "sent_ID": "dante_01_459789144857010177l",
          "text": "Goau4 recuperou as perdas e indica entrada por as MM . Volume de compra está aumentando , porém acho que vou diminuir a exposição .",
          "realization": {
            "Arg0": null,
            "Arg1": null,
            "Arg2": null,
            "Arg3": null,
            "Arg4": null
          },
          "syntax": {
            "Arg0": null,
            "Arg1": null,
            "Arg2": null,
            "Arg3": null,
            "Arg4": null
          }
        },
        {
          "sent_ID": "dante_01_441936563992547328l",
          "text": "#petr4 se > 13,61 brinco em a compra hj novamente",
          "realization": {
            "Arg0": null,
            "Arg1": null,
            "Arg2": null,
            "Arg3": null,
            "Arg4": null
          },
          "syntax": {
            "Arg0": null,
            "Arg1": null,
            "Arg2": null,
            "Arg3": null,
            "Arg4": null
          }
        },
        {
          "sent_ID": "dante_01_443013758957658112l",
          "text": "Fibr3 observo p/ compra",
          "realization": {
            "Arg0": null,
            "Arg1": "Fibr3",
            "Arg2": null,
            "Arg3": null,
            "Arg4": null
          },
          "syntax": {
            "Arg0": null,
            "Arg1": "obj",
            "Arg2": null,
            "Arg3": null,
            "Arg4": null
          }
        },
        {
          "sent_ID": "dante_01_469931698818654208l",
          "text": "@empiricus_ind @ferrisss Setor Carne e Derivados de a @empiricus_ind em o momento é Compra de BEEF3 , Neutro em JBSS3 e venda em MRFG3 ?",
          "realization": {
            "Arg0": null,
            "Arg1": "de BEEF3",
            "Arg2": null,
            "Arg3": null,
            "Arg4": null
          },
          "syntax": {
            "Arg0": null,
            "Arg1": "nmod",
            "Arg2": null,
            "Arg3": null,
            "Arg4": null
          }
        },
        {
          "sent_ID": "dante_01_454284964583190528l",
          "text": "Ihhhh , o cara deu mesmo call de compra em PETR4 com base em o candle de ontem ? Traça o Fibonacci melhor ai amigo ... rsrs",
          "realization": {
            "Arg0": null,
            "Arg1": null,
            "Arg2": null,
            "Arg3": null,
            "Arg4": null
          },
          "syntax": {
            "Arg0": null,
            "Arg1": null,
            "Arg2": null,
            "Arg3": null,
            "Arg4": null
          }
        },
        {
          "sent_ID": "dante_01_471725836199280640l",
          "text": "#JBSS3 SOBE > Fitch disse hoje que a oferta de compra de a Hillshire Brands por a Pilgrims Pride ( PPC ) é neutra para o crédito de a JBS .",
          "realization": {
            "Arg0": "por a Pilgrims Pride",
            "Arg1": "de a Hillshire Brands",
            "Arg2": null,
            "Arg3": null,
            "Arg4": null
          },
          "syntax": {
            "Arg0": "flat:name",
            "Arg1": "flat:name",
            "Arg2": null,
            "Arg3": null,
            "Arg4": null
          }
        },
        {
          "sent_ID": "dante_01_441294832774836224l",
          "text": "Corretora indica compra de Vale , Cielo e mais 8 ações , confira : Permanecem entre as recomend ... http://t.co/tveDkCIOc0 #infomoney #vale5",
          "realization": {
            "Arg0": null,
            "Arg1": "de Vale , Cielo e mais 8 ações",
            "Arg2": null,
            "Arg3": null,
            "Arg4": null
          },
          "syntax": {
            "Arg0": null,
            "Arg1": "nmod",
            "Arg2": null,
            "Arg3": null,
            "Arg4": null
          }
        },
        {
          "sent_ID": "dante_01_441595069116579840l",
          "text": "HSBC indica compra de ações de o Itaú Unibanco e mais 8 papéis : Em o lugar de as ações de a Gerdau ( ... http://t.co/5QGgAdE1ti #infomoney #vale5",
          "realization": {
            "Arg0": null,
            "Arg1": "de ações de o Itaú Unibanco e mais 8 papéis",
            "Arg2": null,
            "Arg3": null,
            "Arg4": null
          },
          "syntax": {
            "Arg0": null,
            "Arg1": "nmod",
            "Arg2": null,
            "Arg3": null,
            "Arg4": null
          }
        },
        {
          "sent_ID": "dante_01_444442793180545024l",
          "text": "Concórdia indica compra de Vale , Itaú , Gerdau e mais 12 ações , veja todas : CCR , Cemig e Cyre ... http://t.co/Tuar5xqFZh #infomoney #vale5",
          "realization": {
            "Arg0": null,
            "Arg1": "de Vale , Itaú , Gerdau e mais 12 ações",
            "Arg2": null,
            "Arg3": null,
            "Arg4": null
          },
          "syntax": {
            "Arg0": null,
            "Arg1": "nmod",
            "Arg2": null,
            "Arg3": null,
            "Arg4": null
          }
        },
        {
          "sent_ID": "dante_01_451423707416645632l",
          "text": "PAX indica compra de Vale , Cielo , Gerdau e outras 7 ações : Em este mês , entraram os papéis de a ... http://t.co/ou0J9kQxK5 #infomoney #vale5",
          "realization": {
            "Arg0": null,
            "Arg1": "de Vale , Cielo , Gerdau e outras 7 ações",
            "Arg2": null,
            "Arg3": null,
            "Arg4": null
          },
          "syntax": {
            "Arg0": null,
            "Arg1": "nmod",
            "Arg2": null,
            "Arg3": null,
            "Arg4": null
          }
        },
        {
          "sent_ID": "dante_01_464073921025679360l",
          "text": "Planner indica compra de Vale , BB , Ambev e mais 7 : De essa vez , os analistas resolveram fazer ... http://t.co/wgMAbDYWKJ #infomoney #vale5",
          "realization": {
            "Arg0": null,
            "Arg1": "de Vale , BB , Ambev e mais 7",
            "Arg2": null,
            "Arg3": null,
            "Arg4": null
          },
          "syntax": {
            "Arg0": null,
            "Arg1": "nmod",
            "Arg2": null,
            "Arg3": null,
            "Arg4": null
          }
        },
        {
          "sent_ID": "dante_01_471025204689252352l",
          "text": "Corretora indica compra de Ambev , Vale e outras 3 ações : Apenas Ambev e Coelce foram mantida ... http://t.co/7CFhuRhcS8 #infomoney #vale5",
          "realization": {
            "Arg0": null,
            "Arg1": "de Ambev , Vale e outras 3 ações",
            "Arg2": null,
            "Arg3": null,
            "Arg4": null
          },
          "syntax": {
            "Arg0": null,
            "Arg1": "nmod",
            "Arg2": null,
            "Arg3": null,
            "Arg4": null
          }
        },
        {
          "sent_ID": "dante_01_456038714397822978l",
          "text": "Vale , BRF e mais 8 ações para comprar em a semana , segundo a Socopa : A Socopa indicou compra d ... http://t.co/ko6EWq8bmj #infomoney #vale5",
          "realization": {
            "Arg0": null,
            "Arg1": "d",
            "Arg2": null,
            "Arg3": null,
            "Arg4": null
          },
          "syntax": {
            "Arg0": null,
            "Arg1": "nmod:wtrunc",
            "Arg2": null,
            "Arg3": null,
            "Arg4": null
          }
        },
        {
          "sent_ID": "dante_01_458646061314080768l",
          "text": "As 10 melhores ações para comprar em esta semana , segundo a Socopa : A Socopa indicou compra de ... http://t.co/nRMii6Nmle #infomoney #vale5",
          "realization": {
            "Arg0": null,
            "Arg1": "de",
            "Arg2": null,
            "Arg3": null,
            "Arg4": null
          },
          "syntax": {
            "Arg0": null,
            "Arg1": "nmod:strunc",
            "Arg2": null,
            "Arg3": null,
            "Arg4": null
          }
        },
        {
          "sent_ID": "dante_01_445921872178610176l",
          "text": "não rompeu , não compro RT @Live_Trade : #vale5 26,28 o de 15 que fechar acima , cp rompimrnto",
          "realization": {
            "Arg0": null,
            "Arg1": "rompimento",
            "Arg2": null,
            "Arg3": null,
            "Arg4": null
          },
          "syntax": {
            "Arg0": null,
            "Arg1": null,
            "Arg2": null,
            "Arg3": null,
            "Arg4": null
          }
        },
        {
          "sent_ID": "dante_01_459407710497538049l",
          "text": "Coin recomenda compra de #DTEX3 http://t.co/nrejaGxqzT",
          "realization": {
            "Arg0": null,
            "Arg1": "de #DTEX3",
            "Arg2": null,
            "Arg3": null,
            "Arg4": null
          },
          "syntax": {
            "Arg0": null,
            "Arg1": "nmod",
            "Arg2": null,
            "Arg3": null,
            "Arg4": null
          }
        },
        {
          "sent_ID": "dante_01_467347479005245440l",
          "text": "Compra de CRUZ3 - 16/05/2014 http://t.co/XbBQHncT14",
          "realization": {
            "Arg0": null,
            "Arg1": "de CRUZ3",
            "Arg2": null,
            "Arg3": null,
            "Arg4": null
          },
          "syntax": {
            "Arg0": null,
            "Arg1": "nmod",
            "Arg2": null,
            "Arg3": null,
            "Arg4": null
          }
        },
        {
          "sent_ID": "dante_01_441355386499526656l",
          "text": "ALERTA ELLIOTTBRASIL => VALE5 : Duas oportunidades de compra que estão prestes a acontecer ... http://t.co/Fkwkf7jHHD",
          "realization": {
            "Arg0": null,
            "Arg1": null,
            "Arg2": null,
            "Arg3": null,
            "Arg4": null
          },
          "syntax": {
            "Arg0": null,
            "Arg1": null,
            "Arg2": null,
            "Arg3": null,
            "Arg4": null
          }
        },
        {
          "sent_ID": "dante_01_448822972179304448l",
          "text": "$BRML3 - Br Malls Par ( brml-nm ) - Aumento De Capital Atraves De o Plano De Opcao De Compra http://t.co/8dTQuP5X5T",
          "realization": {
            "Arg0": null,
            "Arg1": null,
            "Arg2": null,
            "Arg3": null,
            "Arg4": null
          },
          "syntax": {
            "Arg0": null,
            "Arg1": null,
            "Arg2": null,
            "Arg3": null,
            "Arg4": null
          }
        },
        {
          "sent_ID": "dante_01_456399910208675840l",
          "text": "$CTIP3 - Cetip ( ctip-nm ) - Aumento De o Capital Social Atraves De o Plano De Opcao De Compra http://t.co/fk1RgIHH78",
          "realization": {
            "Arg0": null,
            "Arg1": null,
            "Arg2": null,
            "Arg3": null,
            "Arg4": null
          },
          "syntax": {
            "Arg0": null,
            "Arg1": null,
            "Arg2": null,
            "Arg3": null,
            "Arg4": null
          }
        },
        {
          "sent_ID": "dante_01_459705586675109888l",
          "text": "boletando compra bbas3 . feito .",
          "realization": {
            "Arg0": null,
            "Arg1": "bbas3",
            "Arg2": null,
            "Arg3": null,
            "Arg4": null
          },
          "syntax": {
            "Arg0": null,
            "Arg1": "nmod",
            "Arg2": null,
            "Arg3": null,
            "Arg4": null
          }
        },
        {
          "sent_ID": "dante_01_444294968241557504l",
          "text": "COMPRA : TAEE11 , PSSA3 , CCRO3",
          "realization": {
            "Arg0": null,
            "Arg1": "TAEE11 , PSSA3 , CCRO3",
            "Arg2": null,
            "Arg3": null,
            "Arg4": null
          },
          "syntax": {
            "Arg0": null,
            "Arg1": "nmod",
            "Arg2": null,
            "Arg3": null,
            "Arg4": null
          }
        },
        {
          "sent_ID": "dante_01_458630671448428544l",
          "text": "Bom , o pessoal recomendando compra de petr4 sei ! ! isso ta cheirando a pesquisas novas para eleição a presidente e não deve ser favorável ...",
          "realization": {
            "Arg0": null,
            "Arg1": "de petr4",
            "Arg2": null,
            "Arg3": null,
            "Arg4": null
          },
          "syntax": {
            "Arg0": null,
            "Arg1": "nmod",
            "Arg2": null,
            "Arg3": null,
            "Arg4": null
          }
        },
        {
          "sent_ID": "dante_01_462226872299180032l",
          "text": "@BancodoBrasil Preciso cancelar ordens de compra de ABEV3 e BRIN3 em o home broker , e por inoperância de o serviço não consigo . O que faço ?",
          "realization": {
            "Arg0": null,
            "Arg1": "de ABEV3 e BRIN3",
            "Arg2": null,
            "Arg3": null,
            "Arg4": null
          },
          "syntax": {
            "Arg0": null,
            "Arg1": "nmod",
            "Arg2": null,
            "Arg3": null,
            "Arg4": null
          }
        },
        {
          "sent_ID": "dante_01_448849499289829376l",
          "text": "Petrobras se encontra em um pontaço de compra ( graficamente ) mas não consigo comprar com essa PTralhada por lá ! #petr4 #IBOV",
          "realization": {
            "Arg0": null,
            "Arg1": null,
            "Arg2": null,
            "Arg3": null,
            "Arg4": null
          },
          "syntax": {
            "Arg0": null,
            "Arg1": null,
            "Arg2": null,
            "Arg3": null,
            "Arg4": null
          }
        },
        {
          "sent_ID": "dante_01_446649470361817088l",
          "text": "o que é mais estranho em essa puxada de hoje de a #PETR4 é ver que a corretora que lidera a compra é uma ' desconhecida ' ... Estranho ... não ?",
          "realization": {
            "Arg0": null,
            "Arg1": null,
            "Arg2": null,
            "Arg3": null,
            "Arg4": null
          },
          "syntax": {
            "Arg0": null,
            "Arg1": null,
            "Arg2": null,
            "Arg3": null,
            "Arg4": null
          }
        },
        {
          "sent_ID": "dante_01_449173575682244608l",
          "text": "É , véi ... PETR4 é COMPRA , quem diria ...",
          "realization": {
            "Arg0": null,
            "Arg1": "PETR4 é",
            "Arg2": null,
            "Arg3": null,
            "Arg4": null
          },
          "syntax": {
            "Arg0": null,
            "Arg1": "discourse",
            "Arg2": null,
            "Arg3": null,
            "Arg4": null
          }
        },
        {
          "sent_ID": "dante_01_441355603936804864l",
          "text": "ALERTA ELLIOTTBRASIL => VALE5 : Oportunidade de compra que está prestes a acontecer ... http://t.co/uVjidknruB",
          "realization": {
            "Arg0": null,
            "Arg1": "VALE5",
            "Arg2": null,
            "Arg3": null,
            "Arg4": null
          },
          "syntax": {
            "Arg0": null,
            "Arg1": "nmod",
            "Arg2": null,
            "Arg3": null,
            "Arg4": null
          }
        },
        {
          "sent_ID": "dante_01_445620814374002688l",
          "text": "@ferrisss 99 % de o ibov tá abaixo de o preço , exceção é a #PETR4 que ainda tem chão p/ dar compra . Aquilo é um Titanic em a rota de o iceberg ainda .",
          "realization": {
            "Arg0": null,
            "Arg1": null,
            "Arg2": null,
            "Arg3": null,
            "Arg4": null
          },
          "syntax": {
            "Arg0": null,
            "Arg1": null,
            "Arg2": null,
            "Arg3": null,
            "Arg4": null
          }
        },
        {
          "sent_ID": "dante_01_448093704449183744l",
          "text": "Compra de #petr4 em o rompimento de os 14,2",
          "realization": {
            "Arg0": null,
            "Arg1": "de #petr4",
            "Arg2": null,
            "Arg3": null,
            "Arg4": null
          },
          "syntax": {
            "Arg0": null,
            "Arg1": "nmod",
            "Arg2": null,
            "Arg3": null,
            "Arg4": null
          }
        },
        {
          "sent_ID": "dante_01_451776228140544000l",
          "text": "acho que o preço de compra em petr4 é 14,80",
          "realization": {
            "Arg0": null,
            "Arg1": "em petr4",
            "Arg2": null,
            "Arg3": "é 14,80",
            "Arg4": null
          },
          "syntax": {
            "Arg0": null,
            "Arg1": "nmod",
            "Arg2": null,
            "Arg3": "ccomp",
            "Arg4": null
          }
        },
        {
          "sent_ID": "dante_01_447174099085713408l",
          "text": "Qto mais mexe , mais merda aparece #petr4 É inacreditável Dilma ter aprovado compra de Pasadena , diz Marina http://t.co/APome9qgES",
          "realization": {
            "Arg0": null,
            "Arg1": "de Pasadena",
            "Arg2": null,
            "Arg3": null,
            "Arg4": null
          },
          "syntax": {
            "Arg0": null,
            "Arg1": "nmod",
            "Arg2": null,
            "Arg3": null,
            "Arg4": null
          }
        },
        {
          "sent_ID": "dante_01_447398716530757632l",
          "text": "Aliás , essa p* de essa Pasadena tá funcionando ? 03/02/06 #PETR4 aprova compra de refinaria EUA http://t.co/lfZWv799p0 @ivomarcelino @AryAntiPT",
          "realization": {
            "Arg0": null,
            "Arg1": "de refinaria EUA",
            "Arg2": null,
            "Arg3": null,
            "Arg4": null
          },
          "syntax": {
            "Arg0": null,
            "Arg1": "nmod",
            "Arg2": null,
            "Arg3": null,
            "Arg4": null
          }
        },
        {
          "sent_ID": "dante_01_461138223201533952l",
          "text": "RTRS - PARA 33,4 % , DILMA TEM RESPONSABILIDADE EM COMPRA POR A PETROBRAS PETR4.SA DE REFINARIA EM PASADENA - - CNT / MDA PETR4.SA",
          "realization": {
            "Arg0": null,
            "Arg1": "DE REFINARIA EM PASADENA",
            "Arg2": null,
            "Arg3": null,
            "Arg4": null
          },
          "syntax": {
            "Arg0": null,
            "Arg1": "nmod",
            "Arg2": null,
            "Arg3": null,
            "Arg4": null
          }
        },
        {
          "sent_ID": "dante_01_448105225262333953l",
          "text": "Compra de ESTC3 e CTIP3 - 20/03/2014 http://t.co/2dj6YO5X5u",
          "realization": {
            "Arg0": null,
            "Arg1": "de ESTC3 e CTIP3",
            "Arg2": null,
            "Arg3": null,
            "Arg4": null
          },
          "syntax": {
            "Arg0": null,
            "Arg1": "nmod",
            "Arg2": null,
            "Arg3": null,
            "Arg4": null
          }
        },
        {
          "sent_ID": "dante_01_471724434127339520l",
          "text": "Compra de GOLL4 , Venda de ENBR3 e BBRK3 - 27/05/2014 http://t.co/wNeJrN102b",
          "realization": {
            "Arg0": null,
            "Arg1": "de GOLL4",
            "Arg2": null,
            "Arg3": null,
            "Arg4": null
          },
          "syntax": {
            "Arg0": null,
            "Arg1": "nmod",
            "Arg2": null,
            "Arg3": null,
            "Arg4": null
          }
        },
        {
          "sent_ID": "dante_01_444116194782871552l",
          "text": "KROT3 vender a R$ 43.33 indicado em 13/03/2014 11:22 e finalizou a compra com resultado de R$ - 0.21 ou - 0.48 % http://t.co/kgt1YiTbF7",
          "realization": {
            "Arg0": null,
            "Arg1": null,
            "Arg2": null,
            "Arg3": null,
            "Arg4": null
          },
          "syntax": {
            "Arg0": null,
            "Arg1": null,
            "Arg2": null,
            "Arg3": null,
            "Arg4": null
          }
        },
        {
          "sent_ID": "dante_01_444150753436139520l",
          "text": "MRVE3 vender a R$ 8.28 indicado em 13/03/2014 13:39 e finalizou a compra com resultado de R$ 0.11 ou 1.35 % http://t.co/kgt1YiTbF7",
          "realization": {
            "Arg0": null,
            "Arg1": null,
            "Arg2": null,
            "Arg3": null,
            "Arg4": null
          },
          "syntax": {
            "Arg0": null,
            "Arg1": null,
            "Arg2": null,
            "Arg3": null,
            "Arg4": null
          }
        },
        {
          "sent_ID": "dante_01_441251369304227840l",
          "text": "MRVE3 vender a R$ 7.99 indicado em 05/03/2014 13:29 e finalizou a compra com resultado de R$ - 0.11 ou - 1.36 % http://t.co/kgt1YiTbF7",
          "realization": {
            "Arg0": null,
            "Arg1": null,
            "Arg2": null,
            "Arg3": null,
            "Arg4": null
          },
          "syntax": {
            "Arg0": null,
            "Arg1": null,
            "Arg2": null,
            "Arg3": null,
            "Arg4": null
          }
        },
        {
          "sent_ID": "dante_01_441261378905841665l",
          "text": "PDGR3 vender a R$ 1.47 indicado em 05/03/2014 14:18 e finalizou a compra com resultado de R$ - 0.09 ou - 5.77 % http://t.co/kgt1YiTbF7",
          "realization": {
            "Arg0": null,
            "Arg1": null,
            "Arg2": null,
            "Arg3": null,
            "Arg4": null
          },
          "syntax": {
            "Arg0": null,
            "Arg1": null,
            "Arg2": null,
            "Arg3": null,
            "Arg4": null
          }
        },
        {
          "sent_ID": "dante_01_441270974122827776l",
          "text": "JBSS3 vender a R$ 7.39 indicado em 05/03/2014 14:56 e finalizou a compra com resultado de R$ - 0.30 ou - 3.90 % http://t.co/kgt1YiTbF7",
          "realization": {
            "Arg0": null,
            "Arg1": null,
            "Arg2": null,
            "Arg3": null,
            "Arg4": null
          },
          "syntax": {
            "Arg0": null,
            "Arg1": null,
            "Arg2": null,
            "Arg3": null,
            "Arg4": null
          }
        },
        {
          "sent_ID": "dante_01_443744305128427520l",
          "text": "ITUB4 vender a R$ 30.39 indicado em 12/03/2014 10:44 e finalizou a compra com resultado de R$ - 0.46 ou - 1.49 % http://t.co/kgt1YiTbF7",
          "realization": {
            "Arg0": null,
            "Arg1": null,
            "Arg2": null,
            "Arg3": null,
            "Arg4": null
          },
          "syntax": {
            "Arg0": null,
            "Arg1": null,
            "Arg2": null,
            "Arg3": null,
            "Arg4": null
          }
        },
        {
          "sent_ID": "dante_01_451843384052047872l",
          "text": "#MRFG3 - Análise #Ichimoku - Recomendação de Compra . http://t.co/TdLbYJsEds",
          "realization": {
            "Arg0": null,
            "Arg1": null,
            "Arg2": null,
            "Arg3": null,
            "Arg4": null
          },
          "syntax": {
            "Arg0": null,
            "Arg1": null,
            "Arg2": null,
            "Arg3": null,
            "Arg4": null
          }
        },
        {
          "sent_ID": "dante_01_453511628504702978l",
          "text": "#NATU3 - Análise #Ichimoku - Recomendação de Compra . http://t.co/cVGkA7dvAT",
          "realization": {
            "Arg0": null,
            "Arg1": null,
            "Arg2": null,
            "Arg3": null,
            "Arg4": null
          },
          "syntax": {
            "Arg0": null,
            "Arg1": null,
            "Arg2": null,
            "Arg3": null,
            "Arg4": null
          }
        },
        {
          "sent_ID": "dante_01_454022702027001856l",
          "text": "#UGPA3 - Recomendação de Compra - Análise #Ichimoku . http://t.co/rhIXdSFo3Q",
          "realization": {
            "Arg0": null,
            "Arg1": null,
            "Arg2": null,
            "Arg3": null,
            "Arg4": null
          },
          "syntax": {
            "Arg0": null,
            "Arg1": null,
            "Arg2": null,
            "Arg3": null,
            "Arg4": null
          }
        },
        {
          "sent_ID": "dante_01_454374627708784640l",
          "text": "#CRUZ3 - Análise #Ichimoku - Recomendação de Compra . http://t.co/3xVuPeOwc9",
          "realization": {
            "Arg0": null,
            "Arg1": null,
            "Arg2": null,
            "Arg3": null,
            "Arg4": null
          },
          "syntax": {
            "Arg0": null,
            "Arg1": null,
            "Arg2": null,
            "Arg3": null,
            "Arg4": null
          }
        },
        {
          "sent_ID": "dante_01_443369137923190784l",
          "text": "alguém recomenda a compra de ações de a gerdau ? #gerdau #ggbr4",
          "realization": {
            "Arg0": null,
            "Arg1": "de ações de a gerdau",
            "Arg2": null,
            "Arg3": null,
            "Arg4": null
          },
          "syntax": {
            "Arg0": null,
            "Arg1": "nmod",
            "Arg2": null,
            "Arg3": null,
            "Arg4": null
          }
        },
        {
          "sent_ID": "dante_01_448463290541150209l",
          "text": "De olho em NATU3 em a compra acima de 36,91 . Analise pra decidir . http://t.co/nVJFb2xBNB",
          "realization": {
            "Arg0": null,
            "Arg1": null,
            "Arg2": null,
            "Arg3": "acima de 36,91",
            "Arg4": null
          },
          "syntax": {
            "Arg0": null,
            "Arg1": null,
            "Arg2": null,
            "Arg3": "obl",
            "Arg4": null
          }
        },
        {
          "sent_ID": "dante_01_464090953360609280l",
          "text": "Fibr3 de olho p/ cp",
          "realization": {
            "Arg0": null,
            "Arg1": "Fibr3",
            "Arg2": null,
            "Arg3": null,
            "Arg4": null
          },
          "syntax": {
            "Arg0": null,
            "Arg1": "nsubj",
            "Arg2": null,
            "Arg3": null,
            "Arg4": null
          }
        },
        {
          "sent_ID": "dante_01_459331101778251777l",
          "text": "Sanb11 de olho em a cp a confirmar",
          "realization": {
            "Arg0": null,
            "Arg1": "Sanb11",
            "Arg2": null,
            "Arg3": null,
            "Arg4": null
          },
          "syntax": {
            "Arg0": null,
            "Arg1": "nsubj",
            "Arg2": null,
            "Arg3": null,
            "Arg4": null
          }
        },
        {
          "sent_ID": "dante_01_461128955505168384l",
          "text": "#suzb5 ainda em queda , mas esboça alta em essa manha . #ibov parece animado com efeito Lula , então parece ser hora de ir as compras",
          "realization": {
            "Arg0": null,
            "Arg1": null,
            "Arg2": null,
            "Arg3": null,
            "Arg4": null
          },
          "syntax": {
            "Arg0": null,
            "Arg1": null,
            "Arg2": null,
            "Arg3": null,
            "Arg4": null
          }
        },
        {
          "sent_ID": "dante_01_443815228737069056l",
          "text": "@piavu e as recomendações de compra em jbss3 e mmxm3 de o @ferrisss em o início de o ano . Se ele soubesse um mín de AT não levava essas cacetadas !",
          "realization": {
            "Arg0": null,
            "Arg1": "em jbss3",
            "Arg2": null,
            "Arg3": null,
            "Arg4": null
          },
          "syntax": {
            "Arg0": null,
            "Arg1": "nmod",
            "Arg2": null,
            "Arg3": null,
            "Arg4": null
          }
        },
        {
          "sent_ID": "dante_01_447045920262463488l",
          "text": "RT @ferrisss : TRADES Abertos : Compra de VALE5 - 27 VENDA de PETR : 13,9 Encerrrados : PETR - 13,45 - 13,75 . Segue o baile n concorrênci …",
          "realization": {
            "Arg0": null,
            "Arg1": "de VALE5",
            "Arg2": null,
            "Arg3": "- 27",
            "Arg4": null
          },
          "syntax": {
            "Arg0": null,
            "Arg1": "nmod",
            "Arg2": null,
            "Arg3": "nmod",
            "Arg4": null
          }
        },
        {
          "sent_ID": "dante_01_444509541783601152l",
          "text": "Entramos em a compra para a posição de CSNA3 hoje a 9.60 . Estamos em o game .",
          "realization": {
            "Arg0": null,
            "Arg1": null,
            "Arg2": null,
            "Arg3": null,
            "Arg4": null
          },
          "syntax": {
            "Arg0": null,
            "Arg1": null,
            "Arg2": null,
            "Arg3": null,
            "Arg4": null
          }
        },
        {
          "sent_ID": "dante_01_448880775761772545l",
          "text": "#JBSS3 - Rússia embarga compra de carne bovina de unidade de a JBS em a Austrália - http://t.co/6YU7juePkr",
          "realization": {
            "Arg0": "de unidade de a JBS em a Austrália",
            "Arg1": "de carne bovina",
            "Arg2": null,
            "Arg3": null,
            "Arg4": null
          },
          "syntax": {
            "Arg0": "nmod",
            "Arg1": "amod",
            "Arg2": null,
            "Arg3": null,
            "Arg4": null
          }
        },
        {
          "sent_ID": "dante_01_447045857310179328l",
          "text": "TRADES Abertos : Compra de VALE5 - 27,00 VENDA de PETR : 13,90 Encerrrados : PETR - 13,45 - 13,75 . Segue o baile n concorrência a o vivo n twi",
          "realization": {
            "Arg0": null,
            "Arg1": "de VALE5",
            "Arg2": null,
            "Arg3": "- 27",
            "Arg4": null
          },
          "syntax": {
            "Arg0": null,
            "Arg1": "nmod",
            "Arg2": null,
            "Arg3": "punct",
            "Arg4": null
          }
        },
        {
          "sent_ID": "dante_01_448156367472189440l",
          "text": "Venda de AEDU3 e Compra de BTOW3 - 04/03/2014 http://t.co/nFNnHIyPVE",
          "realization": {
            "Arg0": null,
            "Arg1": "de AEDU3",
            "Arg2": null,
            "Arg3": null,
            "Arg4": null
          },
          "syntax": {
            "Arg0": null,
            "Arg1": "nmod",
            "Arg2": null,
            "Arg3": null,
            "Arg4": null
          }
        },
        {
          "sent_ID": "dante_01_441936742846042112l",
          "text": "Dasa ( #DASA3 ) : Edson Bueno vai a a arbitragem contra oferta de compra de ações . http://t.co/OcNo5Tgf15 ( Valor )",
          "realization": {
            "Arg0": null,
            "Arg1": "de ações",
            "Arg2": null,
            "Arg3": null,
            "Arg4": null
          },
          "syntax": {
            "Arg0": null,
            "Arg1": "nmod",
            "Arg2": null,
            "Arg3": null,
            "Arg4": null
          }
        },
        {
          "sent_ID": "dante_01_459055184279506946l",
          "text": "Flávio Conde , analista-chefe de a Gradual , recomenda a compra de ações de a MRV ( MRVE3 ) com atenção a uma possível alta em a abertura .",
          "realization": {
            "Arg0": null,
            "Arg1": "de ações de a MRV",
            "Arg2": null,
            "Arg3": null,
            "Arg4": null
          },
          "syntax": {
            "Arg0": null,
            "Arg1": "nmod",
            "Arg2": null,
            "Arg3": null,
            "Arg4": null
          }
        },
        {
          "sent_ID": "dante_01_460887441570668544l",
          "text": "BRF , Vale , Gerdau e outras 7 ações recomendadas para esta semana : A Socopa indicou compra de ... http://t.co/82c0QTrJnV #infomoney #vale5",
          "realization": {
            "Arg0": null,
            "Arg1": "de",
            "Arg2": null,
            "Arg3": null,
            "Arg4": null
          },
          "syntax": {
            "Arg0": null,
            "Arg1": "case:strunc",
            "Arg2": null,
            "Arg3": null,
            "Arg4": null
          }
        },
        {
          "sent_ID": "dante_01_471719253461045248l",
          "text": "Compra de QUAL3 , EQTL3 e BRPR3 - 26/05/2014 http://t.co/2Qqft41vuD",
          "realization": {
            "Arg0": null,
            "Arg1": "de QUAL3 , EQTL3 e BRPR3",
            "Arg2": null,
            "Arg3": null,
            "Arg4": null
          },
          "syntax": {
            "Arg0": null,
            "Arg1": "nmod",
            "Arg2": null,
            "Arg3": null,
            "Arg4": null
          }
        },
        {
          "sent_ID": "dante_01_459001408889847809l",
          "text": "De qualquer forma tento uma compra com posição menor , stop fundo de o dia #petr4",
          "realization": {
            "Arg0": null,
            "Arg1": null,
            "Arg2": null,
            "Arg3": null,
            "Arg4": null
          },
          "syntax": {
            "Arg0": null,
            "Arg1": null,
            "Arg2": null,
            "Arg3": null,
            "Arg4": null
          }
        },
        {
          "sent_ID": "dante_01_446614183992627200l",
          "text": "Impeachment Dilma ... Essa compra de a Petr4 foi a gota de água ..",
          "realization": {
            "Arg0": null,
            "Arg1": "de a Petr4 foi a gota de água",
            "Arg2": null,
            "Arg3": null,
            "Arg4": null
          },
          "syntax": {
            "Arg0": null,
            "Arg1": "nmod",
            "Arg2": null,
            "Arg3": null,
            "Arg4": null
          }
        },
        {
          "sent_ID": "dante_01_464435670820601858l",
          "text": "Video - Análise Diária com Predador : Petr4 e IBOV sugerem topos de CP . - http://t.co/a8XnFGrywg",
          "realization": {
            "Arg0": null,
            "Arg1": null,
            "Arg2": null,
            "Arg3": null,
            "Arg4": null
          },
          "syntax": {
            "Arg0": null,
            "Arg1": null,
            "Arg2": null,
            "Arg3": null,
            "Arg4": null
          }
        },
        {
          "sent_ID": "dante_01_448289071920472064l",
          "text": "@ferrisss : sua compra dias atras de #JBSS3 fez volume > de a média ( rs ) . Vc deve ter comprado um fundo . Parabéns + 1x http://t.co/MpQ0Bh0E94",
          "realization": {
            "Arg0": null,
            "Arg1": "de #JBSS3 fez volume > de a média ( rs )",
            "Arg2": null,
            "Arg3": null,
            "Arg4": null
          },
          "syntax": {
            "Arg0": null,
            "Arg1": "discourse",
            "Arg2": null,
            "Arg3": null,
            "Arg4": null
          }
        },
        {
          "sent_ID": "dante_01_449632457152020480l",
          "text": "live_trade Marcos , vc se manteve em a compra de a goll4 ? de um belo up side",
          "realization": {
            "Arg0": "vc",
            "Arg1": "de a goll4",
            "Arg2": null,
            "Arg3": null,
            "Arg4": null
          },
          "syntax": {
            "Arg0": "nsubj",
            "Arg1": "nmod",
            "Arg2": null,
            "Arg3": null,
            "Arg4": null
          }
        },
        {
          "sent_ID": "dante_01_449634411001442305l",
          "text": "@Live_Trade Marcos , vc se manteve em a comrpa de a goll4 ? deu um belo up side ...",
          "realization": {
            "Arg0": "vc",
            "Arg1": "de a goll4",
            "Arg2": null,
            "Arg3": null,
            "Arg4": null
          },
          "syntax": {
            "Arg0": "nsubj",
            "Arg1": "nmod",
            "Arg2": null,
            "Arg3": null,
            "Arg4": null
          }
        },
        {
          "sent_ID": "dante_01_450967654300254208l",
          "text": "Luz em a passatela que lá vem ela : AB InBev conclui compra de a Oriental Brewery | http://t.co/XN66BjHuYp | #adonadasloiras #nomundo #abev3",
          "realization": {
            "Arg0": null,
            "Arg1": "de a Oriental Brewery",
            "Arg2": null,
            "Arg3": null,
            "Arg4": null
          },
          "syntax": {
            "Arg0": null,
            "Arg1": "flat:name",
            "Arg2": null,
            "Arg3": null,
            "Arg4": null
          }
        },
        {
          "sent_ID": "dante_01_451724274886508545l",
          "text": "@plima79 BTG quase nao tem compra de a PETR4 ... saldo em 82k liquido",
          "realization": {
            "Arg0": null,
            "Arg1": "de a PETR4",
            "Arg2": null,
            "Arg3": null,
            "Arg4": null
          },
          "syntax": {
            "Arg0": null,
            "Arg1": "nmod",
            "Arg2": null,
            "Arg3": null,
            "Arg4": null
          }
        },
        {
          "sent_ID": "dante_01_460790882330234882l",
          "text": "Goll4 indicou compra por a Mm , já estamos com ganhos de 1,38 hoje . Este ativo merece atenção .",
          "realization": {
            "Arg0": "por a Mm",
            "Arg1": null,
            "Arg2": null,
            "Arg3": null,
            "Arg4": null
          },
          "syntax": {
            "Arg0": "nmod",
            "Arg1": null,
            "Arg2": null,
            "Arg3": null,
            "Arg4": null
          }
        },
        {
          "sent_ID": "dante_01_442729461692121088l",
          "text": "CIEL3 _ Compra http://t.co/1svQUA92un",
          "realization": {
            "Arg0": null,
            "Arg1": "CIEL3",
            "Arg2": null,
            "Arg3": null,
            "Arg4": null
          },
          "syntax": {
            "Arg0": null,
            "Arg1": "nmod",
            "Arg2": null,
            "Arg3": null,
            "Arg4": null
          }
        },
        {
          "sent_ID": "dante_01_445589717552492545l",
          "text": "#bvmf3 de olho em a cp",
          "realization": {
            "Arg0": null,
            "Arg1": "#bvmf3",
            "Arg2": null,
            "Arg3": null,
            "Arg4": null
          },
          "syntax": {
            "Arg0": null,
            "Arg1": "nmod",
            "Arg2": null,
            "Arg3": null,
            "Arg4": null
          }
        },
        {
          "sent_ID": "dante_01_459709685327986688l",
          "text": "cruz3 de olho em a co",
          "realization": {
            "Arg0": null,
            "Arg1": "cruz3",
            "Arg2": null,
            "Arg3": null,
            "Arg4": null
          },
          "syntax": {
            "Arg0": null,
            "Arg1": "nmod",
            "Arg2": null,
            "Arg3": null,
            "Arg4": null
          }
        },
        {
          "sent_ID": "dante_01_461163061085491200l",
          "text": "cruz3 de olho em a cp se romper este de 15",
          "realization": {
            "Arg0": null,
            "Arg1": "cruz3",
            "Arg2": null,
            "Arg3": null,
            "Arg4": null
          },
          "syntax": {
            "Arg0": null,
            "Arg1": "nmod",
            "Arg2": null,
            "Arg3": null,
            "Arg4": null
          }
        },
        {
          "sent_ID": "dante_01_468732386776461312l",
          "text": "Os mais de 1 milhão de estabelecimentos clientes de a Ambev poderão pagar suas compras através de as máquinas de o Santander . Abre o olho #CIEL3 !",
          "realization": {
            "Arg0": "suas",
            "Arg1": null,
            "Arg2": null,
            "Arg3": null,
            "Arg4": "Santander"
          },
          "syntax": {
            "Arg0": "det",
            "Arg1": null,
            "Arg2": null,
            "Arg3": null,
            "Arg4": "nmod"
          }
        },
        {
          "sent_ID": "dante_01_447006955258011648l",
          "text": "Abrimos compra de VALE5 para o trade em o R$ 27,00 . Heyyyyyyyyyyyyy estamos em o game ! ! !",
          "realization": {
            "Arg0": null,
            "Arg1": "de VALE5",
            "Arg2": null,
            "Arg3": null,
            "Arg4": null
          },
          "syntax": {
            "Arg0": null,
            "Arg1": "nmod",
            "Arg2": null,
            "Arg3": null,
            "Arg4": null
          }
        },
        {
          "sent_ID": "dante_01_456818046393262080l",
          "text": "#FLRY3 interessante compra com stop em R$ 16,35 não ? Será que vai ser vendida ? Em comparação com a #DASA3 seria perto de R$ 21 !",
          "realization": {
            "Arg0": null,
            "Arg1": null,
            "Arg2": null,
            "Arg3": "em R$ 16,35",
            "Arg4": null
          },
          "syntax": {
            "Arg0": null,
            "Arg1": null,
            "Arg2": null,
            "Arg3": "nmod",
            "Arg4": null
          }
        },
        {
          "sent_ID": "dante_01_445675449000411136l",
          "text": "#petr4 amanhã em o primeiro sinal intra entro em a compra",
          "realization": {
            "Arg0": null,
            "Arg1": null,
            "Arg2": null,
            "Arg3": null,
            "Arg4": null
          },
          "syntax": {
            "Arg0": null,
            "Arg1": null,
            "Arg2": null,
            "Arg3": null,
            "Arg4": null
          }
        },
        {
          "sent_ID": "dante_01_456168427879931904l",
          "text": "P amanhã monitoro em a CP #oibr3 #oibr4 #timp3 / em a ponta de vd #alll3",
          "realization": {
            "Arg0": null,
            "Arg1": "#oibr3 #oibr4 #timp3",
            "Arg2": null,
            "Arg3": null,
            "Arg4": null
          },
          "syntax": {
            "Arg0": null,
            "Arg1": "nmod",
            "Arg2": null,
            "Arg3": null,
            "Arg4": null
          }
        },
        {
          "sent_ID": "dante_01_444460784815726592l",
          "text": "#vale5 observo para compra caso segure região 25,62",
          "realization": {
            "Arg0": null,
            "Arg1": null,
            "Arg2": null,
            "Arg3": null,
            "Arg4": null
          },
          "syntax": {
            "Arg0": null,
            "Arg1": null,
            "Arg2": null,
            "Arg3": null,
            "Arg4": null
          }
        },
        {
          "sent_ID": "dante_01_444585490273271809l",
          "text": "Krk siderurgia em peso aparecendo aqui p/ cp csna3 , ggbr4 , goau4 , usim5 ... reação de o setor ? vamos ver em a segunda se confirma ...",
          "realization": {
            "Arg0": null,
            "Arg1": null,
            "Arg2": null,
            "Arg3": null,
            "Arg4": null
          },
          "syntax": {
            "Arg0": null,
            "Arg1": null,
            "Arg2": null,
            "Arg3": null,
            "Arg4": null
          }
        },
        {
          "sent_ID": "dante_01_472433847343140864l",
          "text": "#JBSS3 - Cade aprova compra de a Massa Leve por a JBS sem restrições http://t.co/cbOuyZdS1W",
          "realization": {
            "Arg0": "por a JBS",
            "Arg1": "compra de a Massa Leve",
            "Arg2": null,
            "Arg3": null,
            "Arg4": null
          },
          "syntax": {
            "Arg0": "nmod",
            "Arg1": "flat:name",
            "Arg2": null,
            "Arg3": null,
            "Arg4": null
          }
        },
        {
          "sent_ID": "dante_01_443787672898002944l",
          "text": "#bbas3 atenção que pode pintar um movimento relevante com extremos em 19,04 e 18,95 , o lado que virar vai dar plimplim , aposto em a compra .",
          "realization": {
            "Arg0": null,
            "Arg1": null,
            "Arg2": null,
            "Arg3": null,
            "Arg4": null
          },
          "syntax": {
            "Arg0": null,
            "Arg1": null,
            "Arg2": null,
            "Arg3": null,
            "Arg4": null
          }
        },
        {
          "sent_ID": "dante_01_455681580678529025l",
          "text": "Bom dia a todos , monitoro em a cp : #timp3 #osxb3 e para venda #wege3 , em os respectivos rompimentos de diário",
          "realization": {
            "Arg0": null,
            "Arg1": null,
            "Arg2": null,
            "Arg3": null,
            "Arg4": null
          },
          "syntax": {
            "Arg0": null,
            "Arg1": null,
            "Arg2": null,
            "Arg3": null,
            "Arg4": null
          }
        },
        {
          "sent_ID": "dante_01_444460524752101376l",
          "text": "#petr4 observo para compra se segurar região 12,94",
          "realization": {
            "Arg0": null,
            "Arg1": null,
            "Arg2": null,
            "Arg3": null,
            "Arg4": null
          },
          "syntax": {
            "Arg0": null,
            "Arg1": null,
            "Arg2": null,
            "Arg3": null,
            "Arg4": null
          }
        },
        {
          "sent_ID": "dante_01_458688220092715008l",
          "text": "ABEV3 : Oportunidade de compra ( + de 20 % de alta ) . Veja o gráfico . Por : André Mendonça , CNPI-T , MBA - ... http://t.co/4kwT5zJx2c",
          "realization": {
            "Arg0": null,
            "Arg1": null,
            "Arg2": null,
            "Arg3": null,
            "Arg4": null
          },
          "syntax": {
            "Arg0": null,
            "Arg1": null,
            "Arg2": null,
            "Arg3": null,
            "Arg4": null
          }
        }
      ],
      "syntactic_profile": {
        "Arg1": {
          "obl:strunc": 1,
          "nmod:wtrunc": 2,
          "nmod": 55,
          "nsubj": 4,
          "root": 1,
          "obj": 3,
          "flat:name": 3,
          "nmod:strunc": 1,
          "discourse": 2,
          "amod": 1,
          "case:strunc": 1
        },
        "Arg0": {
          "nsubj": 3,
          "nmod": 5,
          "flat:name": 1,
          "det": 1
        },
        "Arg3": {
          "parataxis": 1,
          "ccomp": 1,
          "obl": 1,
          "nmod": 2,
          "punct": 1
        },
        "Arg4": {
          "nsubj": 1,
          "nmod": 1
        }
      }
    }
  ]
}