{
  "lemma": "comprador",
  "lemma_base": "comprador",
  "senses": [
    {
      "pt_roleset": "comprador.01",
      "pt_sense_index": 1,
      "pt_sense_hint": 1,
      "english_roleset": "buyer.01",
      "english_roleset_source": "verb-buy.01",
      "nombank_url": "https://nlp.cs.nyu.edu/meyers/nombank/nombank.1.0/frames/buyer.xml",
      "roles": [
        {
          "id": "Arg0",
          "desc": "buyer"
        },
        {
          "id": "Arg1",
          "desc": "thing bought"
        },
        {
          "id": "Arg2",
          "desc": "seller"
        },
        {
          "id": "Arg3",
          "desc": "price paid"
        },
        {
          "id": "Arg4",
          "desc": "beneficiary"
        }
      ],
      "examples": [
        {
          "sent_ID": "dante_01_460927671674089472l",
          "text": "@marcosloro @stanleyburburin eu sou e estou comprador de a @petrobras principalmente PETR4",
          "realization": {
            "Arg0": "eu",
            "Arg1": "de a @petrobras principalmente PETR4",
            "Arg2": null,
            "Arg3": null,
            "Arg4": null
          },
          "syntax": {
            "Arg0": "nsubj",
            "Arg1": "nmod",
            "Arg2": null,
            "Arg3": null,
            "Arg4": null
          }
        },
        {
          "sent_ID": "dante_01_472452386892808192l",
          "text": "@malcaetano : vários papéis com IMA - Entrada intetessante : GGBR4 a 0.85 , VALE5 a 0.85 . Surgindo compradores em o mercado ?",
          "realization": {
            "Arg0": null,
            "Arg1": null,
            "Arg2": null,
            "Arg3": null,
            "Arg4": null
          },
          "syntax": {
            "Arg0": null,
            "Arg1": null,
            "Arg2": null,
            "Arg3": null,
            "Arg4": null
          }
        },
        {
          "sent_ID": "dante_01_449535275161907200l",
          "text": "A os compradores de abertura desesperados de #petr4 a rsposta",
          "realization": {
            "Arg0": null,
            "Arg1": "de #petr4",
            "Arg2": null,
            "Arg3": null,
            "Arg4": null
          },
          "syntax": {
            "Arg0": null,
            "Arg1": "nmod",
            "Arg2": null,
            "Arg3": null,
            "Arg4": null
          }
        },
        {
          "sent_ID": "dante_01_445961619060035584l",
          "text": "#VALE5 @HBMyCAP e opções é pegadinha , compra pra perder , só cai , existe um comprador ?",
          "realization": {
            "Arg0": null,
            "Arg1": "#VALE5 @HBMyCAP e opções",
            "Arg2": null,
            "Arg3": null,
            "Arg4": null
          },
          "syntax": {
            "Arg0": null,
            "Arg1": "nsubj",
            "Arg2": null,
            "Arg3": null,
            "Arg4": null
          }
        }
      ],
      "syntactic_profile": {
        "Arg0": {
          "nsubj": 1
        },
        "Arg1": {
          "nmod": 2,
          "nsubj": 1
        }
      }
    }
  ]
}