{
  "lemma": "compartilhamento",
  "lemma_base": "compartilhamento",
  "senses": [
    {
      "pt_roleset": "compartilhamento.01",
      "pt_sense_index": 1,
      "pt_sense_hint": 1,
      "english_roleset": "sharing.01",
      "english_roleset_source": "verb-share.01",
      "nombank_url": "https://nlp.cs.nyu.edu/meyers/nombank/nombank.1.0/frames/sharing.xml",
      "roles": [
        {
          "id": "Arg0",
          "desc": "sharer"
        },
        {
          "id": "Arg1",
          "desc": "thing shared"
        },
        {
          "id": "Arg2",
          "desc": "shared with, if separate from arg0"
        },
        {
          "id": "Arg3",
          "desc": null
        },
        {
          "id": "Arg4",
          "desc": null
        }
      ],
      "examples": [
        {
          "sent_ID": "dante_01_454607743392178177l",
          "text": "#BR #BOVESPA #GOLL4 Gol assina acordo de compartilhamento de voos com TAP . http://t.co/wHGukBg7qp",
          "realization": {
            "Arg0": "Gol",
            "Arg1": "de voos",
            "Arg2": null,
            "Arg3": null,
            "Arg4": null
          },
          "syntax": {
            "Arg0": "nsubj",
            "Arg1": "nmod",
            "Arg2": null,
            "Arg3": null,
            "Arg4": null
          }
        },
        {
          "sent_ID": "dante_01_454604295078690816l",
          "text": "$GOLL4 - GOL e TAP assinam acordo para compartilhamento de voos http://t.co/F87EcEzEWK",
          "realization": {
            "Arg0": "GOL",
            "Arg1": "de voos",
            "Arg2": null,
            "Arg3": null,
            "Arg4": null
          },
          "syntax": {
            "Arg0": "nsubj",
            "Arg1": "nmod",
            "Arg2": null,
            "Arg3": null,
            "Arg4": null
          }
        }
      ],
      "syntactic_profile": {
        "Arg0": {
          "nsubj": 2
        },
        "Arg1": {
          "nmod": 2
        }
      }
    }
  ]
}