{
  "lemma": "confirmação",
  "lemma_base": "confirmação",
  "senses": [
    {
      "pt_roleset": "confirmação.01",
      "pt_sense_index": 1,
      "pt_sense_hint": 1,
      "english_roleset": "confirmation.01",
      "english_roleset_source": "verb-confirm.01",
      "nombank_url": "https://nlp.cs.nyu.edu/meyers/nombank/nombank.1.0/frames/confirmation.xml",
      "roles": [
        {
          "id": "Arg0",
          "desc": "confirmer"
        },
        {
          "id": "Arg1",
          "desc": "thing cofirmed, statement or proposition"
        },
        {
          "id": "Arg2",
          "desc": "beneficiary, hearer"
        },
        {
          "id": "Arg3",
          "desc": null
        },
        {
          "id": "Arg4",
          "desc": null
        }
      ],
      "examples": [
        {
          "sent_ID": "dante_01_443792262666145792l",
          "text": "Petr4 a os 13.41 com topo em 15,1 . Sugeriu fundo em 12,9 mas falta confirmação .",
          "realization": {
            "Arg0": null,
            "Arg1": "fundo em 12,9",
            "Arg2": null,
            "Arg3": null,
            "Arg4": null
          },
          "syntax": {
            "Arg0": null,
            "Arg1": "obj",
            "Arg2": null,
            "Arg3": null,
            "Arg4": null
          }
        },
        {
          "sent_ID": "dante_01_461505776595783680l",
          "text": "@Andresmoraes nossa querida e amada #PETR4 em a briga por a confirmação de o rompimento de os R$ 16,60 hein ? Essa promete ser de as boas . =)",
          "realization": {
            "Arg0": "#PETR4",
            "Arg1": "de o rompimento de os R$ 16,60",
            "Arg2": null,
            "Arg3": null,
            "Arg4": null
          },
          "syntax": {
            "Arg0": "nsubj",
            "Arg1": "nmod",
            "Arg2": null,
            "Arg3": null,
            "Arg4": null
          }
        },
        {
          "sent_ID": "dante_01_461510589626728448l",
          "text": "RT @clubedopairico : @Andresmoraes nossa querida e amada #PETR4 em a briga por a confirmação de o rompimento de os R$ 16,6 hein ? Essa promete ser …",
          "realization": {
            "Arg0": "#PETR4",
            "Arg1": "de o rompimento de os R$ 16,60",
            "Arg2": null,
            "Arg3": null,
            "Arg4": null
          },
          "syntax": {
            "Arg0": "nsubj",
            "Arg1": "nmod",
            "Arg2": null,
            "Arg3": null,
            "Arg4": null
          }
        },
        {
          "sent_ID": "dante_01_461510858632626176l",
          "text": "@clubedopairico : @Andresmoraes nossa querida e amada #PETR4 em a briga por a confirmação de o rompimento . Mercado amarrado .",
          "realization": {
            "Arg0": "#PETR4",
            "Arg1": "de o rompimento",
            "Arg2": null,
            "Arg3": null,
            "Arg4": null
          },
          "syntax": {
            "Arg0": "nsubj",
            "Arg1": "nmod",
            "Arg2": null,
            "Arg3": null,
            "Arg4": null
          }
        },
        {
          "sent_ID": "dante_01_461495723847319552l",
          "text": "@clubedopairico Zé , qual seria a confirmação de que os shootings stars estão indicando uma reversão de tendência para a PETR4 ? ?",
          "realization": {
            "Arg0": null,
            "Arg1": "de que os shootings stars estão indicando uma reversão de tendência para a PETR4",
            "Arg2": null,
            "Arg3": null,
            "Arg4": null
          },
          "syntax": {
            "Arg0": null,
            "Arg1": "nmod",
            "Arg2": null,
            "Arg3": null,
            "Arg4": null
          }
        },
        {
          "sent_ID": "dante_01_444501538376269825l",
          "text": "Petr4 a os 12.93 com topo em 15.1 . Sugerindo fundo em a região 12,90-12,86 mas falta confirmação .",
          "realization": {
            "Arg0": null,
            "Arg1": "fundo em a região 12,90-12,86",
            "Arg2": null,
            "Arg3": null,
            "Arg4": null
          },
          "syntax": {
            "Arg0": null,
            "Arg1": "obj",
            "Arg2": null,
            "Arg3": null,
            "Arg4": null
          }
        }
      ],
      "syntactic_profile": {
        "Arg1": {
          "obj": 2,
          "nmod": 4
        },
        "Arg0": {
          "nsubj": 3
        }
      }
    }
  ]
}