{
  "lemma": "controle",
  "lemma_base": "controle",
  "senses": [
    {
      "pt_roleset": "controle.01",
      "pt_sense_index": 1,
      "pt_sense_hint": 1,
      "english_roleset": "control.01",
      "english_roleset_source": "verb-control.01",
      "nombank_url": "https://nlp.cs.nyu.edu/meyers/nombank/nombank.1.0/frames/control.xml",
      "roles": [
        {
          "id": "Arg0",
          "desc": "controller"
        },
        {
          "id": "Arg1",
          "desc": "controlled"
        },
        {
          "id": "Arg2",
          "desc": "instrumental, controlled with"
        },
        {
          "id": "Arg3",
          "desc": null
        },
        {
          "id": "Arg4",
          "desc": null
        }
      ],
      "examples": [
        {
          "sent_ID": "dante_01_444246514962276352l",
          "text": "Ibov petr4 vale5 Gustavo Franco : Inflação é como alcoolismo , não tem cura , só controle .",
          "realization": {
            "Arg0": null,
            "Arg1": "Inflação",
            "Arg2": null,
            "Arg3": null,
            "Arg4": null
          },
          "syntax": {
            "Arg0": null,
            "Arg1": "nsubj",
            "Arg2": null,
            "Arg3": null,
            "Arg4": null
          }
        },
        {
          "sent_ID": "dante_01_466303583311654913l",
          "text": "* * * SAIU DE O FORNO : RUI FALCÃO : Governo pode discutir controle de capital mais rigoroso . ( tome queda em a #petr4 , estatais e tudo )",
          "realization": {
            "Arg0": "Governo",
            "Arg1": "de capital",
            "Arg2": null,
            "Arg3": null,
            "Arg4": null
          },
          "syntax": {
            "Arg0": "nsubj",
            "Arg1": "nmod",
            "Arg2": null,
            "Arg3": null,
            "Arg4": null
          }
        },
        {
          "sent_ID": "dante_01_466303667726213120l",
          "text": "RT @RaphaFigueredo : * * * SAIU DE O FORNO : RUI FALCÃO : Governo pode discutir controle de capital mais rigoroso . ( tome queda em a #petr4 , estatais …",
          "realization": {
            "Arg0": "Governo",
            "Arg1": "de capital",
            "Arg2": null,
            "Arg3": null,
            "Arg4": null
          },
          "syntax": {
            "Arg0": "nsubj",
            "Arg1": "nmod",
            "Arg2": null,
            "Arg3": null,
            "Arg4": null
          }
        },
        {
          "sent_ID": "dante_01_444484995537989632l",
          "text": "Várias empresas que anunciam recompra de ações em a verdade não recompram absolutamente nada . Não há nenhum controle sobre isso #CSN #CSNA3",
          "realization": {
            "Arg0": null,
            "Arg1": "sobre isso",
            "Arg2": null,
            "Arg3": null,
            "Arg4": null
          },
          "syntax": {
            "Arg0": null,
            "Arg1": "nmod",
            "Arg2": null,
            "Arg3": null,
            "Arg4": null
          }
        }
      ],
      "syntactic_profile": {
        "Arg1": {
          "nsubj": 1,
          "nmod": 3
        },
        "Arg0": {
          "nsubj": 2
        }
      }
    }
  ]
}