{
  "lemma": "conversão",
  "lemma_base": "conversão",
  "senses": [
    {
      "pt_roleset": "conversão.01",
      "pt_sense_index": 1,
      "pt_sense_hint": 1,
      "english_roleset": "conversion.01",
      "english_roleset_source": "verb-convert.01",
      "nombank_url": "https://nlp.cs.nyu.edu/meyers/nombank/nombank.1.0/frames/conversion.xml",
      "roles": [
        {
          "id": "Arg0",
          "desc": "causer of transformation"
        },
        {
          "id": "Arg1",
          "desc": "thing changing"
        },
        {
          "id": "Arg2",
          "desc": "end state"
        },
        {
          "id": "Arg3",
          "desc": "start state"
        },
        {
          "id": "Arg4",
          "desc": null
        }
      ],
      "examples": [
        {
          "sent_ID": "dante_01_458603788270850048l",
          "text": "KLBN4 : Estendeu o prazo para a conversão de suas units para 29 de Abril .",
          "realization": {
            "Arg0": null,
            "Arg1": "de suas units",
            "Arg2": null,
            "Arg3": null,
            "Arg4": null
          },
          "syntax": {
            "Arg0": null,
            "Arg1": "nmod",
            "Arg2": null,
            "Arg3": null,
            "Arg4": null
          }
        }
      ],
      "syntactic_profile": {
        "Arg1": {
          "nmod": 1
        }
      }
    }
  ]
}