{
  "lemma": "coordenador",
  "lemma_base": "coordenador",
  "senses": [
    {
      "pt_roleset": "coordenador.01",
      "pt_sense_index": 1,
      "pt_sense_hint": 1,
      "english_roleset": "coordinator.01",
      "english_roleset_source": "verb-coordinate.01",
      "nombank_url": "https://nlp.cs.nyu.edu/meyers/nombank/nombank.1.0/frames/coordinator.xml",
      "roles": [
        {
          "id": "Arg0",
          "desc": "job holder"
        },
        {
          "id": "Arg1",
          "desc": "theme"
        },
        {
          "id": "Arg2",
          "desc": "beneficiary"
        },
        {
          "id": "Arg3",
          "desc": "rank"
        },
        {
          "id": "Arg4",
          "desc": null
        }
      ],
      "examples": [
        {
          "sent_ID": "dante_01_464368387788136448l",
          "text": "$DASA3 - Dasa ( dasa ) - Novo Coordenador De o Comite De Auditoria http://t.co/deo9AMHvKg",
          "realization": {
            "Arg0": "Novo Coordenador",
            "Arg1": "De o Comite de Auditoria",
            "Arg2": null,
            "Arg3": null,
            "Arg4": null
          },
          "syntax": {
            "Arg0": "root",
            "Arg1": "nmod",
            "Arg2": null,
            "Arg3": null,
            "Arg4": null
          }
        }
      ],
      "syntactic_profile": {
        "Arg0": {
          "root": 1
        },
        "Arg1": {
          "nmod": 1
        }
      }
    }
  ]
}