{
  "lemma": "decisão",
  "lemma_base": "decisão",
  "senses": [
    {
      "pt_roleset": "decisão.01",
      "pt_sense_index": 1,
      "pt_sense_hint": 1,
      "english_roleset": "decision.01",
      "english_roleset_source": "verb-decide.01",
      "nombank_url": "https://nlp.cs.nyu.edu/meyers/nombank/nombank.1.0/frames/decision.xml",
      "roles": [
        {
          "id": "Arg0",
          "desc": "decider"
        },
        {
          "id": "Arg1",
          "desc": "decision"
        },
        {
          "id": "Arg2",
          "desc": "beneficiary"
        },
        {
          "id": "Arg3",
          "desc": "instrument"
        },
        {
          "id": "Arg4",
          "desc": null
        }
      ],
      "examples": [
        {
          "sent_ID": "dante_01_443754762396508160l",
          "text": "@ferrisss @Smarttrade10 @dfittarelli BBAS3 a a R$ 19,09 ... uhnnmm ! ! ! Hj sai decisão sobre julgamento em o STF .",
          "realization": {
            "Arg0": "em o STF",
            "Arg1": "sobre julgamento em o STF",
            "Arg2": null,
            "Arg3": null,
            "Arg4": null
          },
          "syntax": {
            "Arg0": "nmod",
            "Arg1": "nmod",
            "Arg2": null,
            "Arg3": null,
            "Arg4": null
          }
        },
        {
          "sent_ID": "dante_01_459499699377295361l",
          "text": "$VALE5 RT @folha_mercado : Governo vai recorrer de decisão de o STJ sobre lucro em o exterior de a Vale . http://t.co/1BdB7c0Jtu",
          "realization": {
            "Arg0": "de o STJ",
            "Arg1": "sobre lucro em o exterior de a Vale",
            "Arg2": null,
            "Arg3": null,
            "Arg4": null
          },
          "syntax": {
            "Arg0": "nmod",
            "Arg1": "nmod",
            "Arg2": null,
            "Arg3": null,
            "Arg4": null
          }
        },
        {
          "sent_ID": "dante_01_459308840195194880l",
          "text": "Com a decisão de o STF sobre a CPI exclusiva de a #PETROBRAS , hj é o dia ' D ' de o papel . Várias oportunidades de CP serão abertas . #PETR4",
          "realization": {
            "Arg0": "de o STF",
            "Arg1": "sobre a CPI exclusiva de a #PETROBRAS",
            "Arg2": null,
            "Arg3": null,
            "Arg4": null
          },
          "syntax": {
            "Arg0": "nmod",
            "Arg1": "nmod",
            "Arg2": null,
            "Arg3": null,
            "Arg4": null
          }
        },
        {
          "sent_ID": "dante_01_469451108096552960l",
          "text": "BBAS3 - 7 % ontem após decisão de o STJ http://t.co/6D3nX6pFj7",
          "realization": {
            "Arg0": "de o STJ",
            "Arg1": null,
            "Arg2": null,
            "Arg3": null,
            "Arg4": null
          },
          "syntax": {
            "Arg0": "nmod",
            "Arg1": null,
            "Arg2": null,
            "Arg3": null,
            "Arg4": null
          }
        },
        {
          "sent_ID": "dante_01_469553057764626432l",
          "text": "BB despenca com decisão em a Justiça : As ações de o BANCO DE O BRASIL ( BBAS3 ) despencaram em os … http://t.co/MXPFjW0DCB",
          "realization": {
            "Arg0": "em a Justiça",
            "Arg1": null,
            "Arg2": null,
            "Arg3": null,
            "Arg4": null
          },
          "syntax": {
            "Arg0": "nmod",
            "Arg1": null,
            "Arg2": null,
            "Arg3": null,
            "Arg4": null
          }
        },
        {
          "sent_ID": "dante_01_454228302602182656l",
          "text": "$CSNA3 - Sid Nacional ( csna ) - Decisao De o Cade - Ato De Concentracao http://t.co/TiZ1NR1soE",
          "realization": {
            "Arg0": "De o Cade",
            "Arg1": null,
            "Arg2": null,
            "Arg3": null,
            "Arg4": null
          },
          "syntax": {
            "Arg0": "nmod",
            "Arg1": null,
            "Arg2": null,
            "Arg3": null,
            "Arg4": null
          }
        },
        {
          "sent_ID": "dante_01_441913277376110592l",
          "text": "Vale ( VALE5 ) – Adiou para 30 de março o prazo para a decisão sobre o projeto de exploração de potássio . #VisaoAtiva - Marginalmente negativa",
          "realization": {
            "Arg0": null,
            "Arg1": "sobre o projeto de exploração de potássio",
            "Arg2": null,
            "Arg3": null,
            "Arg4": null
          },
          "syntax": {
            "Arg0": null,
            "Arg1": "nmod",
            "Arg2": null,
            "Arg3": null,
            "Arg4": null
          }
        }
      ],
      "syntactic_profile": {
        "Arg0": {
          "nmod": 6
        },
        "Arg1": {
          "nmod": 4
        }
      }
    }
  ]
}