{
  "lemma": "declaração",
  "lemma_base": "declaração",
  "senses": [
    {
      "pt_roleset": "declaração.01",
      "pt_sense_index": 1,
      "pt_sense_hint": 1,
      "english_roleset": "declaration.01",
      "english_roleset_source": "verb-declare.02",
      "nombank_url": "https://nlp.cs.nyu.edu/meyers/nombank/nombank.1.0/frames/declaration.xml",
      "roles": [
        {
          "id": "Arg0",
          "desc": "announcer"
        },
        {
          "id": "Arg1",
          "desc": "utterance"
        },
        {
          "id": "Arg2",
          "desc": "hearer"
        },
        {
          "id": "Arg3",
          "desc": "attributive"
        },
        {
          "id": "Arg4",
          "desc": null
        }
      ],
      "examples": [
        {
          "sent_ID": "dante_01_446250331123773440l",
          "text": "$LREN3 - Lojas Renner ( lren-nm ) - Declaracao E Pagamento De Juros Sobre O Capital Proprio http://t.co/flXNxtpbT1",
          "realization": {
            "Arg0": null,
            "Arg1": "De Juros Sobre O Capital Proprio",
            "Arg2": null,
            "Arg3": null,
            "Arg4": null
          },
          "syntax": {
            "Arg0": null,
            "Arg1": "amod",
            "Arg2": null,
            "Arg3": null,
            "Arg4": null
          }
        },
        {
          "sent_ID": "dante_01_460816612405567488l",
          "text": "Dica para a Mega-Sena : o número de o recibo de a sua declaração de Imposto de renda tem 6 dígitos joga em a Mega Sena #ibov #vale5 #petr4 #sorte",
          "realization": {
            "Arg0": null,
            "Arg1": "de Imposto de renda tem 6 dígitos",
            "Arg2": null,
            "Arg3": null,
            "Arg4": null
          },
          "syntax": {
            "Arg0": null,
            "Arg1": "obj",
            "Arg2": null,
            "Arg3": null,
            "Arg4": null
          }
        },
        {
          "sent_ID": "dante_01_456926942101770240l",
          "text": "Dica de Declaração de o Imposto de Renda > Situação em 31/12/2013 [ bêbado vendo os fogos de artifício ] #ibov #petr4 #vale5 receita federal",
          "realization": {
            "Arg0": null,
            "Arg1": "de o Imposto de Renda",
            "Arg2": null,
            "Arg3": null,
            "Arg4": null
          },
          "syntax": {
            "Arg0": null,
            "Arg1": "flat:name",
            "Arg2": null,
            "Arg3": null,
            "Arg4": null
          }
        }
      ],
      "syntactic_profile": {
        "Arg1": {
          "amod": 1,
          "obj": 1,
          "flat:name": 1
        }
      }
    }
  ]
}