{
  "lemma": "deliberação",
  "lemma_base": "deliberação",
  "senses": [
    {
      "pt_roleset": "deliberação.01",
      "pt_sense_index": 1,
      "pt_sense_hint": 1,
      "english_roleset": "deliberation.01",
      "english_roleset_source": "verb-deliberate.01",
      "nombank_url": "https://nlp.cs.nyu.edu/meyers/nombank/nombank.1.0/frames/deliberation.xml",
      "roles": [
        {
          "id": "Arg0",
          "desc": "thinker"
        },
        {
          "id": "Arg1",
          "desc": null
        },
        {
          "id": "Arg2",
          "desc": null
        },
        {
          "id": "Arg3",
          "desc": null
        },
        {
          "id": "Arg4",
          "desc": null
        }
      ],
      "examples": [
        {
          "sent_ID": "dante_01_454359459591380992l",
          "text": "$TIMP3 - Tim Part S/a (timp-nm) - Deliberacoes Da Assembleia http://t.co/0MkHI1c4BP",
          "realization": {
            "Arg0": "Da Assembleia",
            "Arg1": null,
            "Arg2": null,
            "Arg3": null,
            "Arg4": null
          },
          "syntax": {
            "Arg0": "nmod",
            "Arg1": null,
            "Arg2": null,
            "Arg3": null,
            "Arg4": null
          }
        },
        {
          "sent_ID": "dante_01_459657331467649026l",
          "text": "$LIGT3 - Light S/a (ligt-nm) - deliberacoes De Assembleias / Distribuicao De Dividendo http://t.co/IoOoCOiGT1",
          "realization": {
            "Arg0": "De Assembleias",
            "Arg1": null,
            "Arg2": null,
            "Arg3": null,
            "Arg4": null
          },
          "syntax": {
            "Arg0": "nmod",
            "Arg1": null,
            "Arg2": null,
            "Arg3": null,
            "Arg4": null
          }
        },
        {
          "sent_ID": "dante_01_460825538517794816l",
          "text": "$DASA3 - Dasa (dasa-nm)- Deliberacoes Da Ago / Distribuicao De Dividendo http://t.co/9eQGNWhrwd",
          "realization": {
            "Arg0": "Da Ago",
            "Arg1": null,
            "Arg2": null,
            "Arg3": null,
            "Arg4": null
          },
          "syntax": {
            "Arg0": "nmod",
            "Arg1": null,
            "Arg2": null,
            "Arg3": null,
            "Arg4": null
          }
        },
        {
          "sent_ID": "dante_01_461124301060849664l",
          "text": "$CYRE3 - Cyrela Realt (cyre) - Deliberacoes Da Ago/e / Distribuicao De Dividendo http://t.co/m7Rt4wHstX",
          "realization": {
            "Arg0": "Da Ago/e",
            "Arg1": null,
            "Arg2": null,
            "Arg3": null,
            "Arg4": null
          },
          "syntax": {
            "Arg0": "nmod",
            "Arg1": null,
            "Arg2": null,
            "Arg3": null,
            "Arg4": null
          }
        },
        {
          "sent_ID": "dante_01_461471315422367744l",
          "text": "$RENT3 - Localiza (rent-nm) - deliberacoes De Ago/e http://t.co/koG0j3sK7K",
          "realization": {
            "Arg0": "De Ago/e",
            "Arg1": null,
            "Arg2": null,
            "Arg3": null,
            "Arg4": null
          },
          "syntax": {
            "Arg0": "nmod",
            "Arg1": null,
            "Arg2": null,
            "Arg3": null,
            "Arg4": null
          }
        }
      ],
      "syntactic_profile": {
        "Arg0": {
          "nmod": 5
        }
      }
    }
  ]
}