{
  "lemma": "demanda",
  "lemma_base": "demanda",
  "senses": [
    {
      "pt_roleset": "demanda.01",
      "pt_sense_index": 1,
      "pt_sense_hint": 1,
      "english_roleset": "demand.01",
      "english_roleset_source": "verb-demand.01",
      "nombank_url": "https://nlp.cs.nyu.edu/meyers/nombank/nombank.1.0/frames/demand.xml",
      "roles": [
        {
          "id": "Arg0",
          "desc": "asker"
        },
        {
          "id": "Arg1",
          "desc": "favor"
        },
        {
          "id": "Arg2",
          "desc": "hearer"
        },
        {
          "id": "Arg3",
          "desc": null
        },
        {
          "id": "Arg4",
          "desc": null
        }
      ],
      "examples": [
        {
          "sent_ID": "dante_01_446682266539143169l",
          "text": "CIEL3 valorizou, está entre as ações indicadas da Carteira Valor. Deve ter sido pelo projeto especial de larga demanda pra Copa. Foi genial.",
          "realization": {
            "Arg0": "Copa",
            "Arg1": "projeto especial",
            "Arg2": null,
            "Arg3": null,
            "Arg4": null
          },
          "syntax": {
            "Arg0": "nmod",
            "Arg1": "amod",
            "Arg2": null,
            "Arg3": null,
            "Arg4": null
          }
        },
        {
          "sent_ID": "dante_01_464738307692191744l",
          "text": "#GOLL4 O transporte doméstico de passageiros registrou aumento de 8,16 % em a demanda medida em passageiros ... http://t.co/8pIYzbanHG",
          "realization": {
            "Arg0": null,
            "Arg1": "aumento de 8,16 %",
            "Arg2": null,
            "Arg3": null,
            "Arg4": null
          },
          "syntax": {
            "Arg0": null,
            "Arg1": "obj",
            "Arg2": null,
            "Arg3": null,
            "Arg4": null
          }
        },
        {
          "sent_ID": "dante_01_470183485622460416l",
          "text": "Bom Dia ! ! Colocaria em esse trimestre USIM5 como neutra as ações ! Demanda fraca em esse 2º trimestre",
          "realization": {
            "Arg0": null,
            "Arg1": "USIM5",
            "Arg2": null,
            "Arg3": null,
            "Arg4": null
          },
          "syntax": {
            "Arg0": null,
            "Arg1": "nmod",
            "Arg2": null,
            "Arg3": null,
            "Arg4": null
          }
        },
        {
          "sent_ID": "dante_01_443166622409560064l",
          "text": "#PETR3 #PETR4 - Petrobras precifica emissão de US$ 8,5 bi , demanda supera US$ 22 bi - http://t.co/EsHc5R6XTA",
          "realization": {
            "Arg0": null,
            "Arg1": "US$ 22 bi",
            "Arg2": null,
            "Arg3": null,
            "Arg4": null
          },
          "syntax": {
            "Arg0": null,
            "Arg1": "nmod",
            "Arg2": null,
            "Arg3": null,
            "Arg4": null
          }
        },
        {
          "sent_ID": "dante_01_443052011161157632l",
          "text": "#PETR3 #PETR4 - Petrobras prepara megacaptação de bônus , demanda supera supera 12 bi - http://t.co/Bq8mzQiM9d",
          "realization": {
            "Arg0": null,
            "Arg1": "de bônus",
            "Arg2": null,
            "Arg3": null,
            "Arg4": null
          },
          "syntax": {
            "Arg0": null,
            "Arg1": "nmod",
            "Arg2": null,
            "Arg3": null,
            "Arg4": null
          }
        },
        {
          "sent_ID": "dante_01_444140925212983296l",
          "text": "@Smarttrade10 @ferrisss @dfittarelli Operador de BTC de um banco me disse hj que não conseguiu toda a demanda de BBAS3 pra tomar por exemplo",
          "realization": {
            "Arg0": null,
            "Arg1": "de BBAS3",
            "Arg2": null,
            "Arg3": null,
            "Arg4": null
          },
          "syntax": {
            "Arg0": null,
            "Arg1": "nmod",
            "Arg2": null,
            "Arg3": null,
            "Arg4": null
          }
        },
        {
          "sent_ID": "dante_01_443069104740917248l",
          "text": "@CapSpaulding01 Petrobras prepara megacaptação de bônus , demanda supera US$ 12 bi - - - olha aí sua grana #petr4 R$ 12",
          "realization": {
            "Arg0": null,
            "Arg1": "de bônus",
            "Arg2": null,
            "Arg3": null,
            "Arg4": null
          },
          "syntax": {
            "Arg0": null,
            "Arg1": "nmod",
            "Arg2": null,
            "Arg3": null,
            "Arg4": null
          }
        }
      ],
      "syntactic_profile": {
        "Arg0": {
          "nmod": 1
        },
        "Arg1": {
          "amod": 1,
          "obj": 1,
          "nmod": 5
        }
      }
    }
  ]
}