{
  "lemma": "denúncia",
  "lemma_base": "denúncia",
  "senses": [
    {
      "pt_roleset": "denúncia.01",
      "pt_sense_index": 1,
      "pt_sense_hint": 1,
      "english_roleset": "complaint.01",
      "english_roleset_source": null,
      "nombank_url": "https://nlp.cs.nyu.edu/meyers/nombank/nombank.1.0/frames/complaint.xml",
      "roles": [
        {
          "id": "Arg0",
          "desc": "claimant"
        },
        {
          "id": "Arg1",
          "desc": "reason"
        },
        {
          "id": "Arg2",
          "desc": "adjudicator or listener"
        },
        {
          "id": "Arg3",
          "desc": "defendant"
        },
        {
          "id": "Arg4",
          "desc": null
        }
      ],
      "examples": [
        {
          "sent_ID": "dante_01_452210549578010624l",
          "text": "Top 10 de a Semana A PETROBRAS ( PETR4 ) encerrou a as investigações internas para apurar as denúncias de supostos ... http://t.co/HRkGHCNrnl",
          "realization": {
            "Arg0": null,
            "Arg1": "de supostos",
            "Arg2": null,
            "Arg3": null,
            "Arg4": null
          },
          "syntax": {
            "Arg0": null,
            "Arg1": "nmod:strunc",
            "Arg2": null,
            "Arg3": null,
            "Arg4": null
          }
        },
        {
          "sent_ID": "dante_01_454456974034624512l",
          "text": "#PETR4 indo p picas @SakaSakamori : Denúncia . Estrangulamento $ $ $ de a Petrobras http://t.co/RMBjR9d80F Beira de o colapso ! #DilmaTemMedoDaCPI",
          "realization": {
            "Arg0": null,
            "Arg1": null,
            "Arg2": null,
            "Arg3": null,
            "Arg4": null
          },
          "syntax": {
            "Arg0": null,
            "Arg1": null,
            "Arg2": null,
            "Arg3": null,
            "Arg4": null
          }
        },
        {
          "sent_ID": "dante_01_453318847161200640l",
          "text": "PETR4 6,61 % hoje 16,46 + altas de a semana passada . Hã ? Denúncias ? Passadena ? Cerveró ?",
          "realization": {
            "Arg0": null,
            "Arg1": null,
            "Arg2": null,
            "Arg3": null,
            "Arg4": null
          },
          "syntax": {
            "Arg0": null,
            "Arg1": null,
            "Arg2": null,
            "Arg3": null,
            "Arg4": null
          }
        },
        {
          "sent_ID": "dante_01_448084897677471744l",
          "text": "Parece que essas denúncias contra a PODRIDÃO que o PT tem feito com a PeTebrás ( PETR4 ) têm dado ânimo a os investidores . Continua subindo !",
          "realization": {
            "Arg0": null,
            "Arg1": "contra a PODRIDÃO que o PT tem feito com a PeTebrás ( PETR4 )",
            "Arg2": null,
            "Arg3": null,
            "Arg4": null
          },
          "syntax": {
            "Arg0": null,
            "Arg1": "obl",
            "Arg2": null,
            "Arg3": null,
            "Arg4": null
          }
        },
        {
          "sent_ID": "dante_01_443546458860834817l",
          "text": "#PETR4 RT @agenciabrasil : Petrobras : ministros de a Justiça e de a CGU vão a a Câmara para falar sobre denúncias http://t.co/zhV2Gty8Ny",
          "realization": {
            "Arg0": null,
            "Arg1": null,
            "Arg2": null,
            "Arg3": null,
            "Arg4": null
          },
          "syntax": {
            "Arg0": null,
            "Arg1": null,
            "Arg2": null,
            "Arg3": null,
            "Arg4": null
          }
        }
      ],
      "syntactic_profile": {
        "Arg1": {
          "nmod:strunc": 1,
          "obl": 1
        }
      }
    }
  ]
}