{
  "lemma": "desova",
  "lemma_base": "desova",
  "senses": [
    {
      "pt_roleset": "desova.01",
      "pt_sense_index": 1,
      "pt_sense_hint": 1,
      "english_roleset": "sell-off.01",
      "english_roleset_source": "verb-sell.01",
      "nombank_url": "https://nlp.cs.nyu.edu/meyers/nombank/nombank.1.0/frames/sell-off.xml",
      "roles": [
        {
          "id": "Arg0",
          "desc": "seller"
        },
        {
          "id": "Arg1",
          "desc": "thing sold"
        },
        {
          "id": "Arg2",
          "desc": "buyer"
        },
        {
          "id": "Arg3",
          "desc": "price paid"
        },
        {
          "id": "Arg4",
          "desc": "beneficiary"
        }
      ],
      "examples": [
        {
          "sent_ID": "dante_01_464089901571788800l",
          "text": "#PCAR4 Lembram a desova que comentei ontem , foi exatamente quem desconfiei . Abilio Diniz vendeu todas as suas ações http://t.co/SnLDXqDKeC",
          "realization": {
            "Arg0": null,
            "Arg1": null,
            "Arg2": null,
            "Arg3": null,
            "Arg4": null
          },
          "syntax": {
            "Arg0": null,
            "Arg1": null,
            "Arg2": null,
            "Arg3": null,
            "Arg4": null
          }
        },
        {
          "sent_ID": "dante_01_463775892947611648l",
          "text": "#PCAR4 GRANDE INVESTIDOR PODE TER REDUZIDO POSIÇÃO ITAU hoje fez uma desova de quase 297 milhões de reais a o preço médio de 104,06 .",
          "realization": {
            "Arg0": "ITAU",
            "Arg1": "de quase 297 milhões de reais",
            "Arg2": null,
            "Arg3": "médio de 104,06",
            "Arg4": null
          },
          "syntax": {
            "Arg0": "nmod",
            "Arg1": "nmod",
            "Arg2": null,
            "Arg3": "nmod",
            "Arg4": null
          }
        }
      ],
      "syntactic_profile": {
        "Arg0": {
          "nmod": 1
        },
        "Arg1": {
          "nmod": 1
        },
        "Arg3": {
          "nmod": 1
        }
      }
    }
  ]
}