{
  "lemma": "diretor",
  "lemma_base": "diretor",
  "senses": [
    {
      "pt_roleset": "diretor.01",
      "pt_sense_index": 1,
      "pt_sense_hint": 1,
      "english_roleset": "director.01",
      "english_roleset_source": "verb-direct.01",
      "nombank_url": "https://nlp.cs.nyu.edu/meyers/nombank/nombank.1.0/frames/director.xml",
      "roles": [
        {
          "id": "Arg0",
          "desc": "job holder"
        },
        {
          "id": "Arg1",
          "desc": "theme"
        },
        {
          "id": "Arg2",
          "desc": "beneficiary"
        },
        {
          "id": "Arg3",
          "desc": "rank"
        },
        {
          "id": "Arg4",
          "desc": null
        }
      ],
      "examples": [
        {
          "sent_ID": "dante_01_448083157758140418l",
          "text": "Notas gerais A PETROBRAS ( PETR4 ) demitiu o diretor financeiro de a subsidiária Petrobras Distribuidora , Nestor ... http://t.co/CMZD46pQOq",
          "realization": {
            "Arg0": "diretor",
            "Arg1": "financeiro",
            "Arg2": null,
            "Arg3": null,
            "Arg4": null
          },
          "syntax": {
            "Arg0": "obj",
            "Arg1": "amod",
            "Arg2": null,
            "Arg3": null,
            "Arg4": null
          }
        },
        {
          "sent_ID": "dante_01_447193082044633089l",
          "text": "Car* , comé q' essa mulher ganhou p Presidente de a República ? ' @AryAntiPT : #DilmaNacadeia #PETR4 demite diretor envolvid http://t.co/hgG5EYSd1f",
          "realization": {
            "Arg0": "diretor",
            "Arg1": "envolvid",
            "Arg2": null,
            "Arg3": null,
            "Arg4": null
          },
          "syntax": {
            "Arg0": "obj",
            "Arg1": "amod",
            "Arg2": null,
            "Arg3": null,
            "Arg4": null
          }
        },
        {
          "sent_ID": "dante_01_456148682857914368l",
          "text": "Quarentena de diretores ? ! Para ñ terem negócios com a petr4 ... Q solução hein Senador Valadares ? ! Jesuis ...",
          "realization": {
            "Arg0": "diretores",
            "Arg1": null,
            "Arg2": null,
            "Arg3": null,
            "Arg4": null
          },
          "syntax": {
            "Arg0": "nmod",
            "Arg1": null,
            "Arg2": null,
            "Arg3": null,
            "Arg4": null
          }
        },
        {
          "sent_ID": "dante_01_453583096823443456l",
          "text": "$ELET3 - Eletrobras ( elet-n1 ) - Encerramento De a Licenca De o Diretor De Distribuicao http://t.co/t0zHiXiVwN",
          "realization": {
            "Arg0": "Diretor",
            "Arg1": "De Distribuicao",
            "Arg2": "Eletrobras ( elet-n1 )",
            "Arg3": null,
            "Arg4": null
          },
          "syntax": {
            "Arg0": "nmod",
            "Arg1": "nmod",
            "Arg2": "nmod",
            "Arg3": null,
            "Arg4": null
          }
        },
        {
          "sent_ID": "dante_01_452038585928392704l",
          "text": "Inflação acumul / ' 06 - ' 13 tá em 50 % ! ? MT ' @ivomarcelino #PETR4 finanças vão mal , mas salários diretores R$ 13,5 milhões http://t.co/Eadm8PP064",
          "realization": {
            "Arg0": "diretores",
            "Arg1": null,
            "Arg2": null,
            "Arg3": null,
            "Arg4": null
          },
          "syntax": {
            "Arg0": "nmod",
            "Arg1": null,
            "Arg2": null,
            "Arg3": null,
            "Arg4": null
          }
        },
        {
          "sent_ID": "dante_01_472002710271950848l",
          "text": "Se a crise ficar maior , vamos distribuir água com canequinha , diz diretor de a Sabesp ( #SBSP3 ) . http://t.co/qzCevvOazW",
          "realization": {
            "Arg0": "diretor",
            "Arg1": null,
            "Arg2": "de a Sabesp ( #SBSP3 )",
            "Arg3": null,
            "Arg4": null
          },
          "syntax": {
            "Arg0": "nsubj",
            "Arg1": null,
            "Arg2": "nmod",
            "Arg3": null,
            "Arg4": null
          }
        }
      ],
      "syntactic_profile": {
        "Arg0": {
          "obj": 2,
          "nmod": 3,
          "nsubj": 1
        },
        "Arg1": {
          "amod": 2,
          "nmod": 1
        },
        "Arg2": {
          "nmod": 2
        }
      }
    }
  ]
}