{
  "lemma": "divergência",
  "lemma_base": "divergência",
  "senses": [
    {
      "pt_roleset": "divergência.01",
      "pt_sense_index": 1,
      "pt_sense_hint": 1,
      "english_roleset": "divergence.01",
      "english_roleset_source": "verb-diverge.01",
      "nombank_url": "https://nlp.cs.nyu.edu/meyers/nombank/nombank.1.0/frames/divergence.xml",
      "roles": [
        {
          "id": "Arg0",
          "desc": "first entity"
        },
        {
          "id": "Arg1",
          "desc": null
        },
        {
          "id": "Arg2",
          "desc": "second entity"
        },
        {
          "id": "Arg3",
          "desc": null
        },
        {
          "id": "Arg4",
          "desc": null
        }
      ],
      "examples": [
        {
          "sent_ID": "dante_01_444121049849139200l",
          "text": "@RivanewsBRKM5 15min: com formação de pivot de alta , após divergência de alta em o estocástico %k ( 12.3 )",
          "realization": {
            "Arg0": "de alta em o estocástico %k ( 12.3 )",
            "Arg1": null,
            "Arg2": null,
            "Arg3": null,
            "Arg4": null
          },
          "syntax": {
            "Arg0": "nmod",
            "Arg1": null,
            "Arg2": null,
            "Arg3": null,
            "Arg4": null
          }
        },
        {
          "sent_ID": "dante_01_454560977007443968l",
          "text": "A divergência de baixa formada em o diário de #CMIG4 serviu apenas para fechar o descolamento com o RK ... Leia mais : http://t.co/QL31D4iUAV",
          "realization": {
            "Arg0": "de baixa formada em o diário de #CMIG4",
            "Arg1": null,
            "Arg2": null,
            "Arg3": null,
            "Arg4": null
          },
          "syntax": {
            "Arg0": "nmod",
            "Arg1": null,
            "Arg2": null,
            "Arg3": null,
            "Arg4": null
          }
        },
        {
          "sent_ID": "dante_01_460933625907650560l",
          "text": "#GGBR4 apresentando divergência de alta . Aguardando sinais mais claros de reversão para alta . http://t.co/3GLBoEdZbb",
          "realization": {
            "Arg0": "de alta",
            "Arg1": null,
            "Arg2": null,
            "Arg3": null,
            "Arg4": null
          },
          "syntax": {
            "Arg0": "nmod",
            "Arg1": null,
            "Arg2": null,
            "Arg3": null,
            "Arg4": null
          }
        }
      ],
      "syntactic_profile": {
        "Arg0": {
          "nmod": 3
        }
      }
    }
  ]
}