{
  "lemma": "divisão",
  "lemma_base": "divisão",
  "senses": [
    {
      "pt_roleset": "divisão.01",
      "pt_sense_index": 1,
      "pt_sense_hint": 1,
      "english_roleset": "division.01",
      "english_roleset_source": null,
      "nombank_url": "https://nlp.cs.nyu.edu/meyers/nombank/nombank.1.0/frames/division.xml",
      "roles": [
        {
          "id": "Arg0",
          "desc": null
        },
        {
          "id": "Arg1",
          "desc": "whole"
        },
        {
          "id": "Arg2",
          "desc": "theme"
        },
        {
          "id": "Arg3",
          "desc": null
        },
        {
          "id": "Arg4",
          "desc": null
        }
      ],
      "examples": [
        {
          "sent_ID": "dante_01_449261548754972672l",
          "text": "#BRFS3 - O leilão por a divisão de lácteos de a BRF começou - http://t.co/fewoACB7aD",
          "realization": {
            "Arg0": null,
            "Arg1": "de a BRF",
            "Arg2": "de lácteos",
            "Arg3": null,
            "Arg4": null
          },
          "syntax": {
            "Arg0": null,
            "Arg1": "nmod",
            "Arg2": "nmod",
            "Arg3": null,
            "Arg4": null
          }
        },
        {
          "sent_ID": "dante_01_458274836494946305l",
          "text": "RT @ojappadonodo6 : @garimpodeacoes JBSS3 13Q4 ( N ) fraco desempenho em as divisões externas . Bom desempenho em o Mercosul , com adição de Seara .",
          "realization": {
            "Arg0": null,
            "Arg1": null,
            "Arg2": "externas",
            "Arg3": null,
            "Arg4": null
          },
          "syntax": {
            "Arg0": null,
            "Arg1": null,
            "Arg2": "amod",
            "Arg3": null,
            "Arg4": null
          }
        }
      ],
      "syntactic_profile": {
        "Arg1": {
          "nmod": 1
        },
        "Arg2": {
          "nmod": 1,
          "amod": 1
        }
      }
    },
    {
      "pt_roleset": "divisão.02",
      "pt_sense_index": 2,
      "pt_sense_hint": 2,
      "english_roleset": "division.02",
      "english_roleset_source": "verb-divide.02",
      "nombank_url": "https://nlp.cs.nyu.edu/meyers/nombank/nombank.1.0/frames/division.xml",
      "roles": [
        {
          "id": "Arg0",
          "desc": "entity causing separation"
        },
        {
          "id": "Arg1",
          "desc": "thing being divided"
        },
        {
          "id": "Arg2",
          "desc": "divided among/betweent, if separate from arg1"
        },
        {
          "id": "Arg3",
          "desc": null
        },
        {
          "id": "Arg4",
          "desc": null
        }
      ],
      "examples": [
        {
          "sent_ID": "dante_01_472335234953117697l",
          "text": "#TIMP3 Telecom Italia inicia cruzada para evitar divisão de a TIM O executivo-chefe de a Telecom Italia , Marco ... http://t.co/tZnICpk4Tu",
          "realization": {
            "Arg0": null,
            "Arg1": "de a TIM",
            "Arg2": null,
            "Arg3": null,
            "Arg4": null
          },
          "syntax": {
            "Arg0": null,
            "Arg1": "nmod",
            "Arg2": null,
            "Arg3": null,
            "Arg4": null
          }
        }
      ],
      "syntactic_profile": {
        "Arg1": {
          "nmod": 1
        }
      }
    }
  ]
}