{
  "lemma": "esclarecimento",
  "lemma_base": "esclarecimento",
  "senses": [
    {
      "pt_roleset": "esclarecimento.01",
      "pt_sense_index": 1,
      "pt_sense_hint": 1,
      "english_roleset": "enlightenment.01",
      "english_roleset_source": "verb-enlighten.01",
      "nombank_url": "https://nlp.cs.nyu.edu/meyers/nombank/nombank.1.0/frames/enlightenment.xml",
      "roles": [
        {
          "id": "Arg0",
          "desc": "causer of knowledge"
        },
        {
          "id": "Arg1",
          "desc": "enlighted entity"
        },
        {
          "id": "Arg2",
          "desc": "knowledge itself, topic"
        },
        {
          "id": "Arg3",
          "desc": "instrument"
        },
        {
          "id": "Arg4",
          "desc": null
        }
      ],
      "examples": [
        {
          "sent_ID": "dante_01_450964832922398720l",
          "text": "$AEDU3 - Anhanguera ( aedu-nm ) - Esclarecimentos http://t.co/uYs0DAO6M1",
          "realization": {
            "Arg0": "$AEDU3",
            "Arg1": null,
            "Arg2": null,
            "Arg3": null,
            "Arg4": null
          },
          "syntax": {
            "Arg0": "nmod",
            "Arg1": null,
            "Arg2": null,
            "Arg3": null,
            "Arg4": null
          }
        },
        {
          "sent_ID": "dante_01_448451571664564224l",
          "text": "$BBAS3 - Banco De o Brasil ( bbas-nm ) - Esclarecimentos A Consulta De a Bm&fbovespa http://t.co/UaFXNfKifj",
          "realization": {
            "Arg0": "$BBAS3",
            "Arg1": null,
            "Arg2": "A Consulta De a Bm&fbovespa",
            "Arg3": null,
            "Arg4": null
          },
          "syntax": {
            "Arg0": "nmod",
            "Arg1": null,
            "Arg2": "nmod",
            "Arg3": null,
            "Arg4": null
          }
        },
        {
          "sent_ID": "dante_01_446250336194682880l",
          "text": "$BVMF3 - Bmfbovespa ( bvmf-nm ) - Esclarecimento Sobre Noticia Veiculada Em a Midia http://t.co/dZxOwGCIDa",
          "realization": {
            "Arg0": "$BVMF3",
            "Arg1": null,
            "Arg2": "Sobre Noticia Veiculada Em a Midia",
            "Arg3": null,
            "Arg4": null
          },
          "syntax": {
            "Arg0": "nmod",
            "Arg1": null,
            "Arg2": "obl",
            "Arg3": null,
            "Arg4": null
          }
        },
        {
          "sent_ID": "dante_01_452088859585966080l",
          "text": "Um esclarecimento : minha carteira é muito sobrecarregada de VALE5 por causa de opções . PETR4 tenho 24 % . Ou seja : 80 % de a carteira PETROVALE !",
          "realization": {
            "Arg0": null,
            "Arg1": null,
            "Arg2": null,
            "Arg3": null,
            "Arg4": null
          },
          "syntax": {
            "Arg0": null,
            "Arg1": null,
            "Arg2": null,
            "Arg3": null,
            "Arg4": null
          }
        },
        {
          "sent_ID": "dante_01_468362963326619648l",
          "text": "$CSAN3 - Cosan ( csan-nm ) - Esclarecimentos http://t.co/m3qpF8clYt",
          "realization": {
            "Arg0": "$CSAN3",
            "Arg1": null,
            "Arg2": null,
            "Arg3": null,
            "Arg4": null
          },
          "syntax": {
            "Arg0": "nmod",
            "Arg1": null,
            "Arg2": null,
            "Arg3": null,
            "Arg4": null
          }
        },
        {
          "sent_ID": "dante_01_450968336655208449l",
          "text": "$ELET3 - Eletrobras ( elet-n1 ) - Esclarecimentos http://t.co/MtkZZZE6DE",
          "realization": {
            "Arg0": "$ELET3",
            "Arg1": null,
            "Arg2": null,
            "Arg3": null,
            "Arg4": null
          },
          "syntax": {
            "Arg0": "nmod",
            "Arg1": null,
            "Arg2": null,
            "Arg3": null,
            "Arg4": null
          }
        },
        {
          "sent_ID": "dante_01_457104319431864321l",
          "text": "$ELET3 - Eletrobras ( elet-n1 ) - Esclarecimento Sobre Noticia http://t.co/0WcHasfUxB",
          "realization": {
            "Arg0": "$ELET3",
            "Arg1": null,
            "Arg2": "Sobre Noticia",
            "Arg3": null,
            "Arg4": null
          },
          "syntax": {
            "Arg0": "nmod",
            "Arg1": null,
            "Arg2": "nmod",
            "Arg3": null,
            "Arg4": null
          }
        },
        {
          "sent_ID": "dante_01_456405934789492736l",
          "text": "$CPFE3 - Cpfl Energia ( cpfe-nm ) - Esclarecimentos http://t.co/Nt4THx4zIG",
          "realization": {
            "Arg0": "$CPFE3",
            "Arg1": null,
            "Arg2": null,
            "Arg3": null,
            "Arg4": null
          },
          "syntax": {
            "Arg0": "nmod",
            "Arg1": null,
            "Arg2": null,
            "Arg3": null,
            "Arg4": null
          }
        },
        {
          "sent_ID": "dante_01_452179921272852480l",
          "text": "$PETR3 - Petrobras ( petr ) - Esclarecimento Sobre A Plataforma P-55 http://t.co/sncQaeb1xB",
          "realization": {
            "Arg0": "$PETR3",
            "Arg1": null,
            "Arg2": "Sobre A Plataforma P-5",
            "Arg3": null,
            "Arg4": null
          },
          "syntax": {
            "Arg0": "nmod",
            "Arg1": null,
            "Arg2": "nmod",
            "Arg3": null,
            "Arg4": null
          }
        },
        {
          "sent_ID": "dante_01_469943872781824001l",
          "text": "$BBDC3 - Bradesco ( bbdc-n1 ) - Esclarecimentos http://t.co/AxeVZM5W2k",
          "realization": {
            "Arg0": "$BBDC3",
            "Arg1": null,
            "Arg2": null,
            "Arg3": null,
            "Arg4": null
          },
          "syntax": {
            "Arg0": "nmod",
            "Arg1": null,
            "Arg2": null,
            "Arg3": null,
            "Arg4": null
          }
        },
        {
          "sent_ID": "dante_01_454637333522817024l",
          "text": "$CRUZ3 - Souza Cruz ( cruz ) - Esclarecimentos http://t.co/hDQBbqn7lt",
          "realization": {
            "Arg0": "$CRUZ3",
            "Arg1": null,
            "Arg2": null,
            "Arg3": null,
            "Arg4": null
          },
          "syntax": {
            "Arg0": "nmod",
            "Arg1": null,
            "Arg2": null,
            "Arg3": null,
            "Arg4": null
          }
        },
        {
          "sent_ID": "dante_01_456406443244023809l",
          "text": "$BISA3 - Brookfield ( bisa-nm ) - Esclarecimentos http://t.co/nrsJcZH5Nu",
          "realization": {
            "Arg0": "$BISA3",
            "Arg1": null,
            "Arg2": null,
            "Arg3": null,
            "Arg4": null
          },
          "syntax": {
            "Arg0": "nmod",
            "Arg1": null,
            "Arg2": null,
            "Arg3": null,
            "Arg4": null
          }
        },
        {
          "sent_ID": "dante_01_467274051019632640l",
          "text": "$ENBR3 - Energias Br ( enbr-nm ) - Esclarecimentos http://t.co/bDcgYaz56z",
          "realization": {
            "Arg0": "$ENBR3",
            "Arg1": null,
            "Arg2": null,
            "Arg3": null,
            "Arg4": null
          },
          "syntax": {
            "Arg0": "nmod",
            "Arg1": null,
            "Arg2": null,
            "Arg3": null,
            "Arg4": null
          }
        },
        {
          "sent_ID": "dante_01_469456922283085824l",
          "text": "$EMBR3 - Embraer ( embr-nm ) - Esclarecimentos http://t.co/NYEDvjpV7O",
          "realization": {
            "Arg0": "$EMBR3",
            "Arg1": null,
            "Arg2": null,
            "Arg3": null,
            "Arg4": null
          },
          "syntax": {
            "Arg0": "nmod",
            "Arg1": null,
            "Arg2": null,
            "Arg3": null,
            "Arg4": null
          }
        },
        {
          "sent_ID": "dante_01_458934897198260224l",
          "text": "$LIGT3 - Light S/a ( ligt-nm ) - Esclarecimento Sobre Materia Veiculada Em o Broadcast http://t.co/BiBpJBjMwZ",
          "realization": {
            "Arg0": "$LIGT3",
            "Arg1": null,
            "Arg2": "Sobre Materia Veiculada Em o Broadcast",
            "Arg3": null,
            "Arg4": null
          },
          "syntax": {
            "Arg0": "nmod",
            "Arg1": null,
            "Arg2": "obl",
            "Arg3": null,
            "Arg4": null
          }
        },
        {
          "sent_ID": "dante_01_466933301601923072l",
          "text": "$ALLL3 - All Amer Lat ( alll-nm ) - Esclarecimentos Sobre Processo De Arbitragem http://t.co/uRnZ4WwHv2",
          "realization": {
            "Arg0": "$ALLL3",
            "Arg1": null,
            "Arg2": "Sobre Processo De Arbitragem",
            "Arg3": null,
            "Arg4": null
          },
          "syntax": {
            "Arg0": "nmod",
            "Arg1": null,
            "Arg2": "nmod",
            "Arg3": null,
            "Arg4": null
          }
        }
      ],
      "syntactic_profile": {
        "Arg0": {
          "nmod": 15
        },
        "Arg2": {
          "nmod": 4,
          "obl": 2
        }
      }
    }
  ]
}