{
  "lemma": "exemplo",
  "lemma_base": "exemplo",
  "senses": [
    {
      "pt_roleset": "exemplo.01",
      "pt_sense_index": 1,
      "pt_sense_hint": 1,
      "english_roleset": "example.01",
      "english_roleset_source": "verb-exemplify.01",
      "nombank_url": "https://nlp.cs.nyu.edu/meyers/nombank/nombank.1.0/frames/example.xml",
      "roles": [
        {
          "id": "Arg0",
          "desc": null
        },
        {
          "id": "Arg1",
          "desc": "example"
        },
        {
          "id": "Arg2",
          "desc": "of what"
        },
        {
          "id": "Arg3",
          "desc": null
        },
        {
          "id": "Arg4",
          "desc": null
        }
      ],
      "examples": [
        {
          "sent_ID": "dante_01_456587938256535553l",
          "text": ". @edmilsonpapo10 Manual de o petista braço-curto : 1 ) culpe FHC , ex : Graça Foster de a #PETR4 culpa FHC por Pasadena http://t.co/BSgvyRqFdZ",
          "realization": {
            "Arg0": null,
            "Arg1": "exemplo",
            "Arg2": null,
            "Arg3": null,
            "Arg4": null
          },
          "syntax": {
            "Arg0": null,
            "Arg1": null,
            "Arg2": null,
            "Arg3": null,
            "Arg4": null
          }
        },
        {
          "sent_ID": "dante_01_456424592991461376l",
          "text": "IBOVESPA sobe 0,91 % , com ajuda de PETRO , VALE e muitas outras líderes . Poucas em o vermelho , como por exemplo : ABEV3 , CCRO3 , CIEL3 , BTOW3 ...",
          "realization": {
            "Arg0": null,
            "Arg1": "exemplo",
            "Arg2": "Poucas em o vermelho",
            "Arg3": null,
            "Arg4": null
          },
          "syntax": {
            "Arg0": null,
            "Arg1": "nmod",
            "Arg2": "parataxis",
            "Arg3": null,
            "Arg4": null
          }
        },
        {
          "sent_ID": "dante_01_445582260847534080l",
          "text": "Alta de a Bovespa não é total . Em a tela nota - se algumas ações em o vermelho , como por exemplo : GGBR4 , ABRE11 , SLED4 , ALLL3 , BISA3 , USIM3 , MMXM3 ..",
          "realization": {
            "Arg0": null,
            "Arg1": "exemplo",
            "Arg2": "nota-se algumas ações em o vermelho",
            "Arg3": null,
            "Arg4": null
          },
          "syntax": {
            "Arg0": null,
            "Arg1": "obl",
            "Arg2": "nmod",
            "Arg3": null,
            "Arg4": null
          }
        },
        {
          "sent_ID": "dante_01_444140925212983296l",
          "text": "@Smarttrade10 @ferrisss @dfittarelli Operador de BTC de um banco me disse hj que não conseguiu toda a demanda de BBAS3 pra tomar por exemplo",
          "realization": {
            "Arg0": null,
            "Arg1": "exemplo",
            "Arg2": null,
            "Arg3": null,
            "Arg4": null
          },
          "syntax": {
            "Arg0": null,
            "Arg1": "obl",
            "Arg2": null,
            "Arg3": null,
            "Arg4": null
          }
        },
        {
          "sent_ID": "dante_01_444568693482487811l",
          "text": "Poucas ações não caíram hoje , como por exemplo : Rent3 , Vale5 , Csna3 , Usim3 , Usim5 , Ggbr4 , Timp3 ...",
          "realization": {
            "Arg0": null,
            "Arg1": "exemplo",
            "Arg2": "Poucas ações não caíram hoje",
            "Arg3": null,
            "Arg4": null
          },
          "syntax": {
            "Arg0": null,
            "Arg1": "obl",
            "Arg2": "advmod",
            "Arg3": null,
            "Arg4": null
          }
        },
        {
          "sent_ID": "dante_01_456588244985995264l",
          "text": "RT @ubrals : . @edmilsonpapo10 Manual de o petista braço-curto : 1 ) culpe FHC , ex : Graça Foster de a #PETR4 culpa FHC por Pasadena http://t.co/BSg…",
          "realization": {
            "Arg0": null,
            "Arg1": "exemplo",
            "Arg2": null,
            "Arg3": null,
            "Arg4": null
          },
          "syntax": {
            "Arg0": null,
            "Arg1": null,
            "Arg2": null,
            "Arg3": null,
            "Arg4": null
          }
        },
        {
          "sent_ID": "dante_01_446619658125582337l",
          "text": "A refinaria de Pasadena q custou US$ 1,18 Bi em 2006 p/ a PETR4 , hoje vale US$ 120 Mi . Um exemplo de como queimar o dinheiro de os acionistas",
          "realization": {
            "Arg0": null,
            "Arg1": "exemplo",
            "Arg2": "de como queimar o dinheiro de os acionistas",
            "Arg3": null,
            "Arg4": null
          },
          "syntax": {
            "Arg0": null,
            "Arg1": "parataxis",
            "Arg2": "nmod",
            "Arg3": null,
            "Arg4": null
          }
        },
        {
          "sent_ID": "dante_01_443147317550784512l",
          "text": "@emirsader o FGTs aplicado em PETR4 , por exemplo .",
          "realization": {
            "Arg0": null,
            "Arg1": "exemplo",
            "Arg2": null,
            "Arg3": null,
            "Arg4": null
          },
          "syntax": {
            "Arg0": null,
            "Arg1": "nmod",
            "Arg2": null,
            "Arg3": null,
            "Arg4": null
          }
        }
      ],
      "syntactic_profile": {
        "Arg1": {
          "nmod": 2,
          "obl": 3,
          "parataxis": 1
        },
        "Arg2": {
          "parataxis": 1,
          "nmod": 2,
          "advmod": 1
        }
      }
    }
  ]
}