{
  "lemma": "exploração",
  "lemma_base": "exploração",
  "senses": [
    {
      "pt_roleset": "exploração.01",
      "pt_sense_index": 1,
      "pt_sense_hint": 1,
      "english_roleset": "exploration.01",
      "english_roleset_source": "verb-explore.01",
      "nombank_url": "https://nlp.cs.nyu.edu/meyers/nombank/nombank.1.0/frames/exploration.xml",
      "roles": [
        {
          "id": "Arg0",
          "desc": "explorer"
        },
        {
          "id": "Arg1",
          "desc": "thing (place, stuff) explored"
        },
        {
          "id": "Arg2",
          "desc": null
        },
        {
          "id": "Arg3",
          "desc": null
        },
        {
          "id": "Arg4",
          "desc": null
        }
      ],
      "examples": [
        {
          "sent_ID": "dante_01_444116429194162176l",
          "text": "#Petrobrás anuncia descoberta de nova jazida de #propina em o pré-sal e aumento de a exploração de o fisiologismo em a bacia de as almas . #PETR4",
          "realization": {
            "Arg0": "#Petrobrás",
            "Arg1": "de o fisiologismo em a bacia de as almas",
            "Arg2": null,
            "Arg3": null,
            "Arg4": null
          },
          "syntax": {
            "Arg0": "nsubj",
            "Arg1": "nmod",
            "Arg2": null,
            "Arg3": null,
            "Arg4": null
          }
        },
        {
          "sent_ID": "dante_01_444118685725507584l",
          "text": "RT @ppaulovagner : #Petrobrás anuncia descoberta de nova jazida de #propina em o pré-sal e aumento de a exploração de o fisiologismo em a bacia de as …",
          "realization": {
            "Arg0": "#Petrobrás",
            "Arg1": "de o fisiologismo em a bacia de as almas",
            "Arg2": null,
            "Arg3": null,
            "Arg4": null
          },
          "syntax": {
            "Arg0": "nsubj",
            "Arg1": "nmod",
            "Arg2": null,
            "Arg3": null,
            "Arg4": null
          }
        },
        {
          "sent_ID": "dante_01_444119089167212544l",
          "text": "RT @ppaulovagner : #Petrobrás anuncia dscberta d nova jazida d #propina n pré-sal e aumento d exploraç d fisiologismo n bacia d almas . #PETR4",
          "realization": {
            "Arg0": "#Petrobrás",
            "Arg1": "de o fisiologismo em a bacia de as almas",
            "Arg2": null,
            "Arg3": null,
            "Arg4": null
          },
          "syntax": {
            "Arg0": "nsubj",
            "Arg1": "nmod",
            "Arg2": null,
            "Arg3": null,
            "Arg4": null
          }
        },
        {
          "sent_ID": "dante_01_441913277376110592l",
          "text": "Vale ( VALE5 ) – Adiou para 30 de março o prazo para a decisão sobre o projeto de exploração de potássio . #VisaoAtiva - Marginalmente negativa",
          "realization": {
            "Arg0": null,
            "Arg1": "de potássio",
            "Arg2": null,
            "Arg3": null,
            "Arg4": null
          },
          "syntax": {
            "Arg0": null,
            "Arg1": "nmod",
            "Arg2": null,
            "Arg3": null,
            "Arg4": null
          }
        }
      ],
      "syntactic_profile": {
        "Arg0": {
          "nsubj": 3
        },
        "Arg1": {
          "nmod": 4
        }
      }
    }
  ]
}