{
  "lemma": "extensão",
  "lemma_base": "extensão",
  "senses": [
    {
      "pt_roleset": "extensão.01",
      "pt_sense_index": 1,
      "pt_sense_hint": 1,
      "english_roleset": "extension.01",
      "english_roleset_source": "verb-extend.01",
      "nombank_url": "https://nlp.cs.nyu.edu/meyers/nombank/nombank.1.0/frames/extension.xml",
      "roles": [
        {
          "id": "Arg0",
          "desc": "agent, entity making something be longer"
        },
        {
          "id": "Arg1",
          "desc": "patient, thing getting longer"
        },
        {
          "id": "Arg2",
          "desc": "ext or tmp, by how much or until when"
        },
        {
          "id": "Arg3",
          "desc": "start point"
        },
        {
          "id": "Arg4",
          "desc": "end point"
        }
      ],
      "examples": [
        {
          "sent_ID": "dante_01_451323756733296640l",
          "text": "$CSAN3 - Cosan ( csan-nm ) - Fato Relevante - Extensao De Prazo Prop. Vinculante - rumo E All http://t.co/7ymF2YkjpP",
          "realization": {
            "Arg0": "Cosan ( csan-nm )",
            "Arg1": "De Prazo Prop. Vinculante",
            "Arg2": null,
            "Arg3": null,
            "Arg4": null
          },
          "syntax": {
            "Arg0": "nmod",
            "Arg1": "amod",
            "Arg2": null,
            "Arg3": null,
            "Arg4": null
          }
        },
        {
          "sent_ID": "dante_01_451325000222789632l",
          "text": "$ALLL3 - All Amer Lat ( alll-nm ) - fato Relevante / incorporacao De Acoes ( extensao De Prazo ) http://t.co/26tB9lsaHt",
          "realization": {
            "Arg0": "All Amer Lat ( alll-nm )",
            "Arg1": "De Prazo",
            "Arg2": null,
            "Arg3": null,
            "Arg4": null
          },
          "syntax": {
            "Arg0": "nmod",
            "Arg1": "nmod",
            "Arg2": null,
            "Arg3": null,
            "Arg4": null
          }
        }
      ],
      "syntactic_profile": {
        "Arg0": {
          "nmod": 2
        },
        "Arg1": {
          "amod": 1,
          "nmod": 1
        }
      }
    }
  ]
}