{
  "lemma": "fruto",
  "lemma_base": "fruto",
  "senses": [
    {
      "pt_roleset": "fruto.01",
      "pt_sense_index": 1,
      "pt_sense_hint": 1,
      "english_roleset": "reward.01",
      "english_roleset_source": "verb-reward.01",
      "nombank_url": "https://nlp.cs.nyu.edu/meyers/nombank/nombank.1.0/frames/reward.xml",
      "roles": [
        {
          "id": "Arg0",
          "desc": "entity giving reward"
        },
        {
          "id": "Arg1",
          "desc": "entity being given to"
        },
        {
          "id": "Arg2",
          "desc": "because of what"
        },
        {
          "id": "Arg3",
          "desc": null
        },
        {
          "id": "Arg4",
          "desc": null
        }
      ],
      "examples": [
        {
          "sent_ID": "dante_01_452154691905126400l",
          "text": "@ferrisss @dfittarelli vendinha de itub4 em os 35,10 começando a dar frutos , VAI QUE VAI !",
          "realization": {
            "Arg0": null,
            "Arg1": null,
            "Arg2": null,
            "Arg3": null,
            "Arg4": null
          },
          "syntax": {
            "Arg0": null,
            "Arg1": null,
            "Arg2": null,
            "Arg3": null,
            "Arg4": null
          }
        },
        {
          "sent_ID": "dante_01_471628526152454144l",
          "text": "' Vale vai trazer muitos frutos para quem investir ' , diz gestor de fundo : Leonardo Messer , ge ... http://t.co/KkMcTlfCI6 #infomoney #vale5",
          "realization": {
            "Arg0": "Vale",
            "Arg1": "quem",
            "Arg2": "investir",
            "Arg3": null,
            "Arg4": null
          },
          "syntax": {
            "Arg0": "nsubj",
            "Arg1": "obl",
            "Arg2": "acl:relcl",
            "Arg3": null,
            "Arg4": null
          }
        },
        {
          "sent_ID": "dante_01_471708570082639873l",
          "text": "' Vale vai trazer muitos frutos para quem investir ' , diz gestor de fundo http://t.co/s9IQkrTxMV #VALE4 #VALE5",
          "realization": {
            "Arg0": "Vale",
            "Arg1": "quem",
            "Arg2": "investir",
            "Arg3": null,
            "Arg4": null
          },
          "syntax": {
            "Arg0": "nsubj",
            "Arg1": "obl",
            "Arg2": "acl:relcl",
            "Arg3": null,
            "Arg4": null
          }
        }
      ],
      "syntactic_profile": {
        "Arg0": {
          "nsubj": 2
        },
        "Arg1": {
          "obl": 2
        },
        "Arg2": {
          "acl:relcl": 2
        }
      }
    }
  ]
}