{
  "lemma": "fusão",
  "lemma_base": "fusão",
  "senses": [
    {
      "pt_roleset": "fusão.01",
      "pt_sense_index": 1,
      "pt_sense_hint": 1,
      "english_roleset": "fusion.01",
      "english_roleset_source": "verb-blend.01",
      "nombank_url": "https://nlp.cs.nyu.edu/meyers/nombank/nombank.1.0/frames/fusion.xml",
      "roles": [
        {
          "id": "Arg0",
          "desc": "agent, mixer"
        },
        {
          "id": "Arg1",
          "desc": "ingredient one"
        },
        {
          "id": "Arg2",
          "desc": "ingredient two"
        },
        {
          "id": "Arg3",
          "desc": "end product"
        },
        {
          "id": "Arg4",
          "desc": null
        }
      ],
      "examples": [
        {
          "sent_ID": "dante_01_456538277151916035l",
          "text": "Cosan e ALL sobem com fusão , 5 ações avançam mais de 4 % , veja destaques : CSN sobe 3 % após an ... http://t.co/pZCukJKQV0 #infomoney #vale5",
          "realization": {
            "Arg0": null,
            "Arg1": "Cosan e ALL",
            "Arg2": null,
            "Arg3": null,
            "Arg4": null
          },
          "syntax": {
            "Arg0": null,
            "Arg1": "nsubj",
            "Arg2": null,
            "Arg3": null,
            "Arg4": null
          }
        },
        {
          "sent_ID": "dante_01_448916390691733504l",
          "text": "FUSÃO : Enquanto a OIBR4 caiu 11,14 % , a TIMP3 subiu 4 % ...",
          "realization": {
            "Arg0": null,
            "Arg1": null,
            "Arg2": null,
            "Arg3": null,
            "Arg4": null
          },
          "syntax": {
            "Arg0": null,
            "Arg1": null,
            "Arg2": null,
            "Arg3": null,
            "Arg4": null
          }
        },
        {
          "sent_ID": "dante_01_441060770843852800l",
          "text": "Ouro : AEDU3 Fusão só depende de o CADE em jun/14 1 AEDU = 0,4548 KROT 43,7 * 0,4548 = 19,87 19,87 / 13,13 = 51 % 51 % de espaço pra altas ! !",
          "realization": {
            "Arg0": null,
            "Arg1": null,
            "Arg2": null,
            "Arg3": null,
            "Arg4": null
          },
          "syntax": {
            "Arg0": null,
            "Arg1": null,
            "Arg2": null,
            "Arg3": null,
            "Arg4": null
          }
        },
        {
          "sent_ID": "dante_01_456113321658580992l",
          "text": "#ALLL3 - Operadora de ferrovia ALL deve aprovar fusão com a Rumo hoje , dizem jornais - http://t.co/hXf8blfdrM",
          "realization": {
            "Arg0": null,
            "Arg1": null,
            "Arg2": "com a Rumo",
            "Arg3": null,
            "Arg4": null
          },
          "syntax": {
            "Arg0": null,
            "Arg1": null,
            "Arg2": "nmod",
            "Arg3": null,
            "Arg4": null
          }
        },
        {
          "sent_ID": "dante_01_445941752961040384l",
          "text": "OIBR4 dispara com Minoritários tentando barrar fusão com Portugal Telecom http://t.co/pYPtSzga8g",
          "realization": {
            "Arg0": null,
            "Arg1": null,
            "Arg2": "com Portugal Telecom",
            "Arg3": null,
            "Arg4": null
          },
          "syntax": {
            "Arg0": null,
            "Arg1": null,
            "Arg2": "flat:name",
            "Arg3": null,
            "Arg4": null
          }
        },
        {
          "sent_ID": "dante_01_449210608115015680l",
          "text": "#OIBR4 - Fusão entre Oi e PT está mais próxima - http://t.co/z5C2oG5h9D",
          "realization": {
            "Arg0": null,
            "Arg1": "Oi e PT",
            "Arg2": null,
            "Arg3": null,
            "Arg4": null
          },
          "syntax": {
            "Arg0": null,
            "Arg1": "nmod",
            "Arg2": null,
            "Arg3": null,
            "Arg4": null
          }
        },
        {
          "sent_ID": "dante_01_441968116361609217l",
          "text": "#TIMP3 - Telecom Italia diz que não há conversas de fusão sobre TIM - http://t.co/O502wucYkW",
          "realization": {
            "Arg0": null,
            "Arg1": null,
            "Arg2": "sobre TIM",
            "Arg3": null,
            "Arg4": null
          },
          "syntax": {
            "Arg0": null,
            "Arg1": null,
            "Arg2": "nmod",
            "Arg3": null,
            "Arg4": null
          }
        },
        {
          "sent_ID": "dante_01_454606593280442368l",
          "text": "MP recomendou a o Cade , venda de ativos de a Anhanguera para que a fusão com a Kroton não represente ato de concentração . #AEDU3 #KROT3",
          "realization": {
            "Arg0": null,
            "Arg1": null,
            "Arg2": "com a Kroton",
            "Arg3": null,
            "Arg4": null
          },
          "syntax": {
            "Arg0": null,
            "Arg1": null,
            "Arg2": "nmod",
            "Arg3": null,
            "Arg4": null
          }
        },
        {
          "sent_ID": "dante_01_464369509340430337l",
          "text": "Acionistas votam hoje em fusão de a ALL com Rumo , Santander , Petrobras e mais 6 em o radar : Petr ... http://t.co/PQ31oKjQ1m #infomoney#vale5",
          "realization": {
            "Arg0": null,
            "Arg1": "de a ALL",
            "Arg2": "com Rumo",
            "Arg3": null,
            "Arg4": null
          },
          "syntax": {
            "Arg0": null,
            "Arg1": "nmod",
            "Arg2": "nmod",
            "Arg3": null,
            "Arg4": null
          }
        }
      ],
      "syntactic_profile": {
        "Arg1": {
          "nsubj": 1,
          "nmod": 2
        },
        "Arg2": {
          "nmod": 4,
          "flat:name": 1
        }
      }
    }
  ]
}