{
  "lemma": "homem",
  "lemma_base": "homem",
  "senses": [
    {
      "pt_roleset": "homem.01",
      "pt_sense_index": 1,
      "pt_sense_hint": 1,
      "english_roleset": "associate.01",
      "english_roleset_source": "verb-associate.01",
      "nombank_url": "https://nlp.cs.nyu.edu/meyers/nombank/nombank.1.0/frames/associate.xml",
      "roles": [
        {
          "id": "Arg0",
          "desc": "agent, causer of grouping"
        },
        {
          "id": "Arg1",
          "desc": "theme, thing being included"
        },
        {
          "id": "Arg2",
          "desc": "group, associated-with"
        },
        {
          "id": "Arg3",
          "desc": null
        },
        {
          "id": "Arg4",
          "desc": null
        }
      ],
      "examples": [
        {
          "sent_ID": "dante_01_454614905983741952l",
          "text": "Remem para o Money : Todos os homens de Eike ! Bastidores ! OGX3 , petr4 , bovespa , opções http://t.co/BK42PGmSgt",
          "realization": {
            "Arg0": "de Eike",
            "Arg1": "homens",
            "Arg2": null,
            "Arg3": null,
            "Arg4": null
          },
          "syntax": {
            "Arg0": "nmod",
            "Arg1": "root",
            "Arg2": null,
            "Arg3": null,
            "Arg4": null
          }
        }
      ],
      "syntactic_profile": {
        "Arg0": {
          "nmod": 1
        },
        "Arg1": {
          "root": 1
        }
      }
    }
  ]
}