{
  "lemma": "indicador",
  "lemma_base": "indicador",
  "senses": [
    {
      "pt_roleset": "indicador.01",
      "pt_sense_index": 1,
      "pt_sense_hint": 1,
      "english_roleset": "indicator.01",
      "english_roleset_source": "verb-indicate.01",
      "nombank_url": "https://nlp.cs.nyu.edu/meyers/nombank/nombank.1.0/frames/indicator.xml",
      "roles": [
        {
          "id": "Arg0",
          "desc": "indicator"
        },
        {
          "id": "Arg1",
          "desc": "thing indicated"
        },
        {
          "id": "Arg2",
          "desc": "indicated to"
        },
        {
          "id": "Arg3",
          "desc": null
        },
        {
          "id": "Arg4",
          "desc": null
        }
      ],
      "examples": [
        {
          "sent_ID": "dante_01_471738020191019010l",
          "text": "@malcaetano : ITUB4 com IMA-CRASH em 0.88 . É alerta de queda forte , correto ? Mas tem que esperar o indicador virar para baixo , correto ? Abs",
          "realization": {
            "Arg0": null,
            "Arg1": null,
            "Arg2": null,
            "Arg3": null,
            "Arg4": null
          },
          "syntax": {
            "Arg0": null,
            "Arg1": null,
            "Arg2": null,
            "Arg3": null,
            "Arg4": null
          }
        },
        {
          "sent_ID": "dante_01_454332774741463041l",
          "text": "RT “ @PedroCerize : Um de os maiores indicadores de o mercado : Capa de a Exame http://t.co/gBRLkPUHaa”// tô vendendo BRFS3 agora . Tem PUT liquida ?",
          "realization": {
            "Arg0": null,
            "Arg1": "mercado",
            "Arg2": null,
            "Arg3": null,
            "Arg4": null
          },
          "syntax": {
            "Arg0": null,
            "Arg1": "nmod",
            "Arg2": null,
            "Arg3": null,
            "Arg4": null
          }
        },
        {
          "sent_ID": "dante_01_445557796072079360l",
          "text": "LAME4 em o swing acima de R$ 14,85 parece dar compra ! Recompra de ações é mais um indicador ...",
          "realization": {
            "Arg0": "Recompra de ações",
            "Arg1": null,
            "Arg2": null,
            "Arg3": null,
            "Arg4": null
          },
          "syntax": {
            "Arg0": "nmod",
            "Arg1": null,
            "Arg2": null,
            "Arg3": null,
            "Arg4": null
          }
        },
        {
          "sent_ID": "dante_01_448116868541587456l",
          "text": "OPORTUNIDADE #PETROBRAS : O MENOR PREÇO EM 20 ANOS ? #PETR4 Em a semana passada , vários indicadores de péssima ... http://t.co/o57yNlV4WC",
          "realization": {
            "Arg0": null,
            "Arg1": "de péssima",
            "Arg2": null,
            "Arg3": null,
            "Arg4": null
          },
          "syntax": {
            "Arg0": null,
            "Arg1": "nmod:strunc",
            "Arg2": null,
            "Arg3": null,
            "Arg4": null
          }
        }
      ],
      "syntactic_profile": {
        "Arg1": {
          "nmod": 1,
          "nmod:strunc": 1
        },
        "Arg0": {
          "nmod": 1
        }
      }
    }
  ]
}