{
  "lemma": "instauração",
  "lemma_base": "instauração",
  "senses": [
    {
      "pt_roleset": "instauração.01",
      "pt_sense_index": 1,
      "pt_sense_hint": 1,
      "english_roleset": "establishment.01",
      "english_roleset_source": null,
      "nombank_url": "https://nlp.cs.nyu.edu/meyers/nombank/nombank.1.0/frames/establishment.xml",
      "roles": [
        {
          "id": "Arg0",
          "desc": "agent"
        },
        {
          "id": "Arg1",
          "desc": "theme"
        },
        {
          "id": "Arg2",
          "desc": "beneficiary"
        },
        {
          "id": "Arg3",
          "desc": "attribute"
        },
        {
          "id": "Arg4",
          "desc": null
        }
      ],
      "examples": [
        {
          "sent_ID": "dante_01_441969387289845761l",
          "text": "#DASA3 - Cromossomo Participações pede instauração de arbitragem contra Dasa - http://t.co/9akf5KlsB6",
          "realization": {
            "Arg0": null,
            "Arg1": "de arbitragem contra Dasa",
            "Arg2": null,
            "Arg3": null,
            "Arg4": null
          },
          "syntax": {
            "Arg0": null,
            "Arg1": "nmod",
            "Arg2": null,
            "Arg3": null,
            "Arg4": null
          }
        }
      ],
      "syntactic_profile": {
        "Arg1": {
          "nmod": 1
        }
      }
    }
  ]
}