{
  "lemma": "medo",
  "lemma_base": "medo",
  "senses": [
    {
      "pt_roleset": "medo.01",
      "pt_sense_index": 1,
      "pt_sense_hint": 1,
      "english_roleset": "fear.01",
      "english_roleset_source": "verb-fear.01",
      "nombank_url": "https://nlp.cs.nyu.edu/meyers/nombank/nombank.1.0/frames/fear.xml",
      "roles": [
        {
          "id": "Arg0",
          "desc": "experiencer"
        },
        {
          "id": "Arg1",
          "desc": "theme"
        },
        {
          "id": "Arg2",
          "desc": null
        },
        {
          "id": "Arg3",
          "desc": null
        },
        {
          "id": "Arg4",
          "desc": null
        }
      ],
      "examples": [
        {
          "sent_ID": "dante_01_451067992206753792l",
          "text": "é ... quase em a máxima . Isso após testar o suporte em os R$ 15,5 ... #PETR4 dá medo ... o.O",
          "realization": {
            "Arg0": null,
            "Arg1": "#PETR4",
            "Arg2": null,
            "Arg3": null,
            "Arg4": null
          },
          "syntax": {
            "Arg0": null,
            "Arg1": "nsubj",
            "Arg2": null,
            "Arg3": null,
            "Arg4": null
          }
        },
        {
          "sent_ID": "dante_01_446658495862292480l",
          "text": "#petr4 sem medo de errar , ou essa alta marcou o fim de a queda de uma década , ou é só mais um repique momentâneo . Esse ano ainda tem eleições !",
          "realization": {
            "Arg0": null,
            "Arg1": "de errar",
            "Arg2": null,
            "Arg3": null,
            "Arg4": null
          },
          "syntax": {
            "Arg0": null,
            "Arg1": "acl",
            "Arg2": null,
            "Arg3": null,
            "Arg4": null
          }
        },
        {
          "sent_ID": "dante_01_452861055509991424l",
          "text": "@ferrisss oi Ferri , estou comprado em CIEL3 q já subiu bastante . Em a sua opinião vale a pena trocar por MMX ? Medo de o fantasma de o Eike ...",
          "realization": {
            "Arg0": null,
            "Arg1": "de o fantasma de o Eike",
            "Arg2": null,
            "Arg3": null,
            "Arg4": null
          },
          "syntax": {
            "Arg0": null,
            "Arg1": "nmod",
            "Arg2": null,
            "Arg3": null,
            "Arg4": null
          }
        },
        {
          "sent_ID": "dante_01_449629179051790336l",
          "text": "@Live_Trade eu to cagando de medo de essa #PETR4 ! ! ! to com posição grnade desde o rompimento de os 14,20 dia 24/03 ! king kong adestrado por o PT",
          "realization": {
            "Arg0": "eu",
            "Arg1": "de essa #PETR4",
            "Arg2": null,
            "Arg3": null,
            "Arg4": null
          },
          "syntax": {
            "Arg0": "nsubj",
            "Arg1": "nmod",
            "Arg2": null,
            "Arg3": null,
            "Arg4": null
          }
        }
      ],
      "syntactic_profile": {
        "Arg1": {
          "nsubj": 1,
          "acl": 1,
          "nmod": 2
        },
        "Arg0": {
          "nsubj": 1
        }
      }
    }
  ]
}