{
  "lemma": "mix",
  "lemma_base": "mix",
  "senses": [
    {
      "pt_roleset": "mix.01",
      "pt_sense_index": 1,
      "pt_sense_hint": 1,
      "english_roleset": "mix.01",
      "english_roleset_source": "verb-mix.01",
      "nombank_url": "https://nlp.cs.nyu.edu/meyers/nombank/nombank.1.0/frames/mix.xml",
      "roles": [
        {
          "id": "Arg0",
          "desc": "agent, mixer"
        },
        {
          "id": "Arg1",
          "desc": "ingredient one"
        },
        {
          "id": "Arg2",
          "desc": "ingredient two"
        },
        {
          "id": "Arg3",
          "desc": "end product"
        },
        {
          "id": "Arg4",
          "desc": null
        }
      ],
      "examples": [
        {
          "sent_ID": "dante_01_461510898428182528l",
          "text": "acompanhar a #OIBR4 proporciona um mix de alegria e vertigem",
          "realization": {
            "Arg0": "#OIBR4",
            "Arg1": "de alegria",
            "Arg2": "vertigem",
            "Arg3": null,
            "Arg4": null
          },
          "syntax": {
            "Arg0": "obj",
            "Arg1": "nmod",
            "Arg2": "nmod",
            "Arg3": null,
            "Arg4": null
          }
        }
      ],
      "syntactic_profile": {
        "Arg0": {
          "obj": 1
        },
        "Arg1": {
          "nmod": 1
        },
        "Arg2": {
          "nmod": 1
        }
      }
    }
  ]
}