{
  "lemma": "mudança",
  "lemma_base": "mudança",
  "senses": [
    {
      "pt_roleset": "mudança.01",
      "pt_sense_index": 1,
      "pt_sense_hint": 1,
      "english_roleset": "change.01",
      "english_roleset_source": "verb-change.01",
      "nombank_url": "https://nlp.cs.nyu.edu/meyers/nombank/nombank.1.0/frames/change.xml",
      "roles": [
        {
          "id": "Arg0",
          "desc": "causer of transformation"
        },
        {
          "id": "Arg1",
          "desc": "thing changing"
        },
        {
          "id": "Arg2",
          "desc": "end state"
        },
        {
          "id": "Arg3",
          "desc": "start state"
        },
        {
          "id": "Arg4",
          "desc": null
        }
      ],
      "examples": [
        {
          "sent_ID": "dante_01_455484807212838913l",
          "text": "Remem para o Money : Limites de petróleo e Mudanças Climáticas - como e ... petrobras , petr4 , http://t.co/QcVaudCfDL",
          "realization": {
            "Arg0": null,
            "Arg1": "Climáticas",
            "Arg2": null,
            "Arg3": null,
            "Arg4": null
          },
          "syntax": {
            "Arg0": null,
            "Arg1": "amod",
            "Arg2": null,
            "Arg3": null,
            "Arg4": null
          }
        },
        {
          "sent_ID": "dante_01_448066819480629248l",
          "text": "$PETR3 - Petrobras ( petr ) - Mudanca Em a Diretoria Executiva De a Petrobras Distribuidora http://t.co/3n7vTntAVX",
          "realization": {
            "Arg0": null,
            "Arg1": "Em a Diretoria Executiva De a Petrobras Distribuidora",
            "Arg2": null,
            "Arg3": null,
            "Arg4": null
          },
          "syntax": {
            "Arg0": null,
            "Arg1": "flat:name",
            "Arg2": null,
            "Arg3": null,
            "Arg4": null
          }
        },
        {
          "sent_ID": "dante_01_449246089036963841l",
          "text": "E o senhor mercado esta alucinado com a possibilidade de mudança de gestão ... PETR4 as nuvens http://t.co/Ptc007FfwQ",
          "realization": {
            "Arg0": null,
            "Arg1": "de gestão",
            "Arg2": "alucinado",
            "Arg3": null,
            "Arg4": null
          },
          "syntax": {
            "Arg0": null,
            "Arg1": "nmod",
            "Arg2": "root",
            "Arg3": null,
            "Arg4": null
          }
        },
        {
          "sent_ID": "dante_01_451754343704690688l",
          "text": "Ativa indica 10 ações para lucrar em abril : Os analistas optaram por não fazer nenhuma mudan ... http://t.co/CaOZi4DIyG #infomoney #vale5",
          "realization": {
            "Arg0": null,
            "Arg1": "nenhuma",
            "Arg2": null,
            "Arg3": null,
            "Arg4": null
          },
          "syntax": {
            "Arg0": null,
            "Arg1": "det",
            "Arg2": null,
            "Arg3": null,
            "Arg4": null
          }
        },
        {
          "sent_ID": "dante_01_446694551160233985l",
          "text": "Virada : BBAS3 em ponto perigoso de mudança de a cotação para baixo . IMA-crash alto . http://t.co/rowQqe82CN",
          "realization": {
            "Arg0": null,
            "Arg1": "de a cotação",
            "Arg2": "para baixo",
            "Arg3": null,
            "Arg4": null
          },
          "syntax": {
            "Arg0": null,
            "Arg1": "nmod",
            "Arg2": "nmod",
            "Arg3": null,
            "Arg4": null
          }
        },
        {
          "sent_ID": "dante_01_446711741431676928l",
          "text": "Mercado subiu bem ontem e hoje , geou mudanças em nossas posições : stop em bvmf3 , ccro3 . RP em mrve3 . Posições com rp ja feita continua",
          "realization": {
            "Arg0": null,
            "Arg1": "em nossas posições :",
            "Arg2": "stop em bvmf3 , ccro3 . RP em mrve3 . Posições com rp ja feita continua",
            "Arg3": null,
            "Arg4": null
          },
          "syntax": {
            "Arg0": null,
            "Arg1": "nmod",
            "Arg2": "parataxis",
            "Arg3": null,
            "Arg4": null
          }
        },
        {
          "sent_ID": "dante_01_461038611555958784l",
          "text": "Mudanças em a carteira de ações de a Lato Sensu . Saída de AEDU3 e BBSE3 ( por apresentarem redução em o seus valores ... http://t.co/1LVOZVEF5e",
          "realization": {
            "Arg0": "por apresentarem redução em o seus valores",
            "Arg1": "em a carteira de ações de a Lato Sensu",
            "Arg2": null,
            "Arg3": null,
            "Arg4": null
          },
          "syntax": {
            "Arg0": "nmod",
            "Arg1": "flat:name",
            "Arg2": null,
            "Arg3": null,
            "Arg4": null
          }
        },
        {
          "sent_ID": "dante_01_443853159660654592l",
          "text": "Ativa faz mudanças em carteira de março , veja quem saiu e quem entrou : A nova escolhida por o ... http://t.co/mEfz1RLyk9 #infomoney #vale5",
          "realization": {
            "Arg0": "Ativa",
            "Arg1": "em carteira de março",
            "Arg2": null,
            "Arg3": null,
            "Arg4": null
          },
          "syntax": {
            "Arg0": "nsubj",
            "Arg1": "nmod",
            "Arg2": null,
            "Arg3": null,
            "Arg4": null
          }
        }
      ],
      "syntactic_profile": {
        "Arg1": {
          "amod": 1,
          "flat:name": 2,
          "nmod": 4,
          "det": 1
        },
        "Arg2": {
          "root": 1,
          "nmod": 1,
          "parataxis": 1
        },
        "Arg0": {
          "nmod": 1,
          "nsubj": 1
        }
      }
    }
  ]
}