{
  "lemma": "oferta",
  "lemma_base": "oferta",
  "senses": [
    {
      "pt_roleset": "oferta.01",
      "pt_sense_index": 1,
      "pt_sense_hint": 1,
      "english_roleset": "offer.01",
      "english_roleset_source": "verb-offer.01",
      "nombank_url": "https://nlp.cs.nyu.edu/meyers/nombank/nombank.1.0/frames/offer.xml",
      "roles": [
        {
          "id": "Arg0",
          "desc": "entity offering"
        },
        {
          "id": "Arg1",
          "desc": "commodity"
        },
        {
          "id": "Arg2",
          "desc": "price"
        },
        {
          "id": "Arg3",
          "desc": "beneficiary or entity offered to"
        },
        {
          "id": "Arg4",
          "desc": null
        }
      ],
      "examples": [
        {
          "sent_ID": "dante_01_441936742846042112l",
          "text": "Dasa (#DASA3): Edson Bueno vai à arbitragem contra oferta de compra de ações. http://t.co/OcNo5Tgf15   (Valor)",
          "realization": {
            "Arg0": "Dasa",
            "Arg1": "de ações",
            "Arg2": null,
            "Arg3": null,
            "Arg4": null
          },
          "syntax": {
            "Arg0": "parataxis",
            "Arg1": "nmod",
            "Arg2": null,
            "Arg3": null,
            "Arg4": null
          }
        },
        {
          "sent_ID": "dante_01_443125288709279744l",
          "text": "Petrobras (PETR4) lançou nesta segunda-feira (10) oferta de US$ 8,5 bilhões em bônus, em uma operação em seis etapas http://t.co/it9boXQdSp",
          "realization": {
            "Arg0": null,
            "Arg1": "bônus no exterior",
            "Arg2": "US$ 8,5 bihões",
            "Arg3": "Petrobras",
            "Arg4": null
          },
          "syntax": {
            "Arg0": null,
            "Arg1": "nmod",
            "Arg2": "nmod",
            "Arg3": "nsubj",
            "Arg4": null
          }
        },
        {
          "sent_ID": "dante_01_443546558307778560l",
          "text": "#PETR4 RT @ativacorretora: Petrobras faz oferta de US$ 8,5 bi em bônus no exterior. Confira a matéria do Jornal da Globo com nosso...",
          "realization": {
            "Arg0": null,
            "Arg1": "bônus no exterior",
            "Arg2": "US$ 8,5 bi",
            "Arg3": "Petrobras",
            "Arg4": null
          },
          "syntax": {
            "Arg0": null,
            "Arg1": "nmod",
            "Arg2": "nmod",
            "Arg3": "nsubj",
            "Arg4": null
          }
        },
        {
          "sent_ID": "dante_01_449521589277982720l",
          "text": "$OIBR4 - CVM suspende oferta de ações da Oi [Newsletter ADVFN] http://t.co/mMd8l9j3ZH",
          "realization": {
            "Arg0": "CVM",
            "Arg1": "de ações",
            "Arg2": null,
            "Arg3": null,
            "Arg4": null
          },
          "syntax": {
            "Arg0": "nsubj",
            "Arg1": "nmod",
            "Arg2": null,
            "Arg3": null,
            "Arg4": null
          }
        },
        {
          "sent_ID": "dante_01_451358257169567744l",
          "text": "As ações da Oi sobem forte, um dia depois da CVM ter revogado a suspensão da oferta de ações: OIBR4, +4,51% e OIBR3, +4,95%",
          "realization": {
            "Arg0": "CVM",
            "Arg1": "de ações",
            "Arg2": null,
            "Arg3": null,
            "Arg4": null
          },
          "syntax": {
            "Arg0": "nsubj",
            "Arg1": "nmod",
            "Arg2": null,
            "Arg3": null,
            "Arg4": null
          }
        },
        {
          "sent_ID": "dante_01_471725836199280640l",
          "text": "#JBSS3 SOBE &gt; Fitch disse hoje que a oferta de compra da Hillshire Brands pela Pilgrims Pride (PPC) é neutra para o crédito da JBS.",
          "realization": {
            "Arg0": null,
            "Arg1": "Hillshire Brands",
            "Arg2": null,
            "Arg3": "Pilgrims Pride (PPC)",
            "Arg4": null
          },
          "syntax": {
            "Arg0": null,
            "Arg1": "flat:name",
            "Arg2": null,
            "Arg3": "nmod",
            "Arg4": null
          }
        },
        {
          "sent_ID": "dante_01_461125555522240512l",
          "text": "(+) Banco Santander (SANB11): oferta para aquisição de ações. O banco anunciou nesta terça-feira que está... http://t.co/4beWp1clzY",
          "realization": {
            "Arg0": "Banco Santander",
            "Arg1": "de ações",
            "Arg2": null,
            "Arg3": null,
            "Arg4": null
          },
          "syntax": {
            "Arg0": "flat:name",
            "Arg1": "nmod",
            "Arg2": null,
            "Arg3": null,
            "Arg4": null
          }
        },
        {
          "sent_ID": "dante_01_467018177952874496l",
          "text": "$BRFS3 - Brf Sa (brfs-nm)  - Resultados Da oferta De Recompra http://t.co/DBLJswVFeZ",
          "realization": {
            "Arg0": null,
            "Arg1": "De Recompra",
            "Arg2": null,
            "Arg3": null,
            "Arg4": null
          },
          "syntax": {
            "Arg0": null,
            "Arg1": "nmod",
            "Arg2": null,
            "Arg3": null,
            "Arg4": null
          }
        },
        {
          "sent_ID": "dante_01_451886916661948417l",
          "text": "Documento mostra que Petrobras fez oferta bilionária por refinaria de Pasadena ANTES de a arbitragem http://t.co/VPQiXUgF6b #Petr4 #Petr3",
          "realization": {
            "Arg0": null,
            "Arg1": "refinaria de Pasadena",
            "Arg2": "bilionária",
            "Arg3": null,
            "Arg4": null
          },
          "syntax": {
            "Arg0": null,
            "Arg1": "nmod",
            "Arg2": "amod",
            "Arg3": null,
            "Arg4": null
          }
        },
        {
          "sent_ID": "dante_01_451887387464179712l",
          "text": "@garimpodeacoes vazou preço de a oferta oibr4 - 2,4 - 2,8",
          "realization": {
            "Arg0": null,
            "Arg1": "oibr4",
            "Arg2": "-5.199999999999999",
            "Arg3": null,
            "Arg4": null
          },
          "syntax": {
            "Arg0": null,
            "Arg1": "nmod",
            "Arg2": null,
            "Arg3": null,
            "Arg4": null
          }
        },
        {
          "sent_ID": "dante_01_451012516542697472l",
          "text": "Afunda OIBR4 acionistas chora RT @infomoney : Bradesco e Itaú avaliam retirar apoio a a oferta de a Oi",
          "realization": {
            "Arg0": null,
            "Arg1": "de a Oi",
            "Arg2": null,
            "Arg3": "Bradesco e Itaú",
            "Arg4": null
          },
          "syntax": {
            "Arg0": null,
            "Arg1": "nmod",
            "Arg2": null,
            "Arg3": "nsubj",
            "Arg4": null
          }
        },
        {
          "sent_ID": "dante_01_451782189974577153l",
          "text": "#OIBR4 - Portugal Telecom ficará com 24,87 % de a Oi após oferta - http://t.co/a2vBUej2Qe",
          "realization": {
            "Arg0": "Oi",
            "Arg1": null,
            "Arg2": null,
            "Arg3": "Portugal Telecom",
            "Arg4": null
          },
          "syntax": {
            "Arg0": "nmod",
            "Arg1": null,
            "Arg2": null,
            "Arg3": "flat:name",
            "Arg4": null
          }
        },
        {
          "sent_ID": "dante_01_461134218333257728l",
          "text": "#BR #IBOV #OIBR4 Oi precifica maior oferta subsequente de o BR em quase 4 anos : http://t.co/AaQIj1CYax",
          "realization": {
            "Arg0": "Oi",
            "Arg1": "subsequente de o BR",
            "Arg2": null,
            "Arg3": null,
            "Arg4": null
          },
          "syntax": {
            "Arg0": "nsubj",
            "Arg1": "nmod",
            "Arg2": null,
            "Arg3": null,
            "Arg4": null
          }
        },
        {
          "sent_ID": "dante_01_451887659263479808l",
          "text": "RT @AryAntiPT : Documento mostra que Petrobras fez oferta bilionária por refinaria de Pasadena ANTES de a arbitragem http://t.co/VPQiXUgF6b …",
          "realization": {
            "Arg0": "Petrobras",
            "Arg1": "por refinaria de Pasadena",
            "Arg2": "bilionária",
            "Arg3": null,
            "Arg4": null
          },
          "syntax": {
            "Arg0": "nsubj",
            "Arg1": "nmod",
            "Arg2": "amod",
            "Arg3": null,
            "Arg4": null
          }
        }
      ],
      "syntactic_profile": {
        "Arg0": {
          "parataxis": 1,
          "nsubj": 4,
          "flat:name": 1,
          "nmod": 1
        },
        "Arg1": {
          "nmod": 12,
          "flat:name": 1
        },
        "Arg2": {
          "nmod": 2,
          "amod": 2
        },
        "Arg3": {
          "nsubj": 3,
          "nmod": 1,
          "flat:name": 1
        }
      }
    }
  ]
}