{
  "lemma": "olhada",
  "lemma_base": "olhada",
  "senses": [
    {
      "pt_roleset": "olhada.01",
      "pt_sense_index": 1,
      "pt_sense_hint": 1,
      "english_roleset": "look.01",
      "english_roleset_source": "verb-look.01",
      "nombank_url": "https://nlp.cs.nyu.edu/meyers/nombank/nombank.1.0/frames/look.xml",
      "roles": [
        {
          "id": "Arg0",
          "desc": "looker"
        },
        {
          "id": "Arg1",
          "desc": "thing looked at or for or on"
        },
        {
          "id": "Arg2",
          "desc": "attribute of arg1"
        },
        {
          "id": "Arg3",
          "desc": null
        },
        {
          "id": "Arg4",
          "desc": null
        }
      ],
      "examples": [
        {
          "sent_ID": "dante_01_449534539766194176l",
          "text": "PETR4 : acabei de atualizar mais um post em o fórum sobre a PETR4 . Quem quiser dar uma olhada , acesse o link : ... http://t.co/67gH4nXRID",
          "realization": {
            "Arg0": null,
            "Arg1": null,
            "Arg2": null,
            "Arg3": null,
            "Arg4": null
          },
          "syntax": {
            "Arg0": null,
            "Arg1": null,
            "Arg2": null,
            "Arg3": null,
            "Arg4": null
          }
        },
        {
          "sent_ID": "dante_01_447046296122445825l",
          "text": "@Live_Trade dá só uma olhadinha em o gráfico semanal de a vale5 e veja que bonito o padrão de reversão de os candles .",
          "realization": {
            "Arg0": "Live_trade",
            "Arg1": "em o gráfico semanal de a vale5",
            "Arg2": null,
            "Arg3": null,
            "Arg4": null
          },
          "syntax": {
            "Arg0": null,
            "Arg1": "nmod",
            "Arg2": null,
            "Arg3": null,
            "Arg4": null
          }
        },
        {
          "sent_ID": "dante_01_453154777913114624l",
          "text": "@Live_Trade marcos , depois tem como uma olhada vem vale5 ? comprado em os 27 .",
          "realization": {
            "Arg0": "marcos",
            "Arg1": "vem vale5?",
            "Arg2": null,
            "Arg3": null,
            "Arg4": null
          },
          "syntax": {
            "Arg0": "nmod",
            "Arg1": "nmod",
            "Arg2": null,
            "Arg3": null,
            "Arg4": null
          }
        },
        {
          "sent_ID": "dante_01_455845653349163010l",
          "text": "RT @Jgrafista11 : @webtraderx @BlackWizardX Vou dar uma olhada com calma depois de as 9 de a noite por as Ondas de Elliot e fiquei te devendo de a …",
          "realization": {
            "Arg0": null,
            "Arg1": null,
            "Arg2": null,
            "Arg3": null,
            "Arg4": null
          },
          "syntax": {
            "Arg0": null,
            "Arg1": null,
            "Arg2": null,
            "Arg3": null,
            "Arg4": null
          }
        },
        {
          "sent_ID": "dante_01_450996815459282945l",
          "text": "@Live_Trade Marcos , pode dar uma olhada em a OIBR4 ? ? ?",
          "realization": {
            "Arg0": null,
            "Arg1": "em a OIBR4",
            "Arg2": null,
            "Arg3": null,
            "Arg4": null
          },
          "syntax": {
            "Arg0": null,
            "Arg1": "nmod",
            "Arg2": null,
            "Arg3": null,
            "Arg4": null
          }
        },
        {
          "sent_ID": "dante_01_441275601010577410l",
          "text": "@CaciqueInvest E #brfs3 então ... vc já deu uma olhada ?",
          "realization": {
            "Arg0": null,
            "Arg1": null,
            "Arg2": null,
            "Arg3": null,
            "Arg4": null
          },
          "syntax": {
            "Arg0": null,
            "Arg1": null,
            "Arg2": null,
            "Arg3": null,
            "Arg4": null
          }
        }
      ],
      "syntactic_profile": {
        "Arg1": {
          "nmod": 3
        },
        "Arg0": {
          "nmod": 1
        }
      }
    }
  ]
}