{
  "lemma": "pagamento",
  "lemma_base": "pagamento",
  "senses": [
    {
      "pt_roleset": "pagamento.01",
      "pt_sense_index": 1,
      "pt_sense_hint": 1,
      "english_roleset": "payment.01",
      "english_roleset_source": "verb-pay.01",
      "nombank_url": "https://nlp.cs.nyu.edu/meyers/nombank/nombank.1.0/frames/payment.xml",
      "roles": [
        {
          "id": "Arg0",
          "desc": "payer or buyer"
        },
        {
          "id": "Arg1",
          "desc": "money"
        },
        {
          "id": "Arg2",
          "desc": "person being paid"
        },
        {
          "id": "Arg3",
          "desc": "commodity, payd for what"
        },
        {
          "id": "Arg4",
          "desc": null
        }
      ],
      "examples": [
        {
          "sent_ID": "dante_01_467283107109175296l",
          "text": "$MRVE3 - Mrv ( mrve-nm ) - Pagamento De Dividendo / Ajuste Em o Valor http://t.co/OLYAVgQz1Q",
          "realization": {
            "Arg0": "$MRVE3 - Mrv ( mrve-nm )",
            "Arg1": null,
            "Arg2": null,
            "Arg3": "De Dividendo",
            "Arg4": null
          },
          "syntax": {
            "Arg0": "nmod",
            "Arg1": null,
            "Arg2": null,
            "Arg3": "nmod",
            "Arg4": null
          }
        },
        {
          "sent_ID": "dante_01_468734838485561344l",
          "text": "Empresas de pagamento e tranf. de recursos terão grandes desafios em os próximos anos ... @chrinvestor Abre o olho #CIEL3",
          "realization": {
            "Arg0": "Empresas",
            "Arg1": null,
            "Arg2": null,
            "Arg3": "de recurso",
            "Arg4": null
          },
          "syntax": {
            "Arg0": "nsubj",
            "Arg1": null,
            "Arg2": null,
            "Arg3": "case",
            "Arg4": null
          }
        },
        {
          "sent_ID": "dante_01_446313621803773953l",
          "text": "PCAR P.ACUCAR-CBD ON * div | | aprov 16/04/2014 | | dataex 17/04/2014 | | pagto n/d | | PCAR3 R$ 0,5353953451 | | PCAR4 R$ 0.5889348796 http://t.co/jzFt69KGo0",
          "realization": {
            "Arg0": "PCAR P.ACUCAR-CBD ON * div",
            "Arg1": null,
            "Arg2": null,
            "Arg3": null,
            "Arg4": null
          },
          "syntax": {
            "Arg0": "root",
            "Arg1": null,
            "Arg2": null,
            "Arg3": null,
            "Arg4": null
          }
        },
        {
          "sent_ID": "dante_01_448080834743238656l",
          "text": "CRUZ SOUZA CRUZ dividendos | | aprov 21/03/2014 | | dataex 24/03/2014 | | pagto 21/05/2014 | | CRUZ3 R$ 0,01631 http://t.co/lXxqtlb1Rv",
          "realization": {
            "Arg0": "CRUZ SOUZA CRUZ",
            "Arg1": null,
            "Arg2": null,
            "Arg3": null,
            "Arg4": null
          },
          "syntax": {
            "Arg0": "nmod",
            "Arg1": null,
            "Arg2": null,
            "Arg3": null,
            "Arg4": null
          }
        },
        {
          "sent_ID": "dante_01_448827600157552640l",
          "text": "ECOR3 - ECORODOVIAS ON jscp | | aprov 25/03/2014 | | dataex 26/03/2014 | | pagto n/d | | ECOR3 R$ 0,037497502 http://t.co/XRxkJbNvZ4",
          "realization": {
            "Arg0": "ECOR3 - ECORODOVIAS ON jscp",
            "Arg1": null,
            "Arg2": null,
            "Arg3": null,
            "Arg4": null
          },
          "syntax": {
            "Arg0": "root",
            "Arg1": null,
            "Arg2": null,
            "Arg3": null,
            "Arg4": null
          }
        },
        {
          "sent_ID": "dante_01_448951505845256193l",
          "text": "ELPL ELETROPAULO dividendos | | aprov 25/4/2014 | | dataex 28/4/2014 | | pagto n/d | | ELPL3 R$ 0,388977082 | | ELPL4 R$ 0,427874790 http://t.co/FhJ4SZQxMA",
          "realization": {
            "Arg0": null,
            "Arg1": null,
            "Arg2": null,
            "Arg3": null,
            "Arg4": null
          },
          "syntax": {
            "Arg0": null,
            "Arg1": null,
            "Arg2": null,
            "Arg3": null,
            "Arg4": null
          }
        },
        {
          "sent_ID": "dante_01_449160391227346944l",
          "text": "SANTANDER div | apro 26/3/2014 | ex 27/3/2014 | pg 28/8/2014 | SANB3 R$ 0,289686752 | SANB4 R$ 0,318655427 | SANB11 R$ 31,86554272 http://t.co/wN5XP1lQox",
          "realization": {
            "Arg0": null,
            "Arg1": null,
            "Arg2": null,
            "Arg3": null,
            "Arg4": null
          },
          "syntax": {
            "Arg0": null,
            "Arg1": null,
            "Arg2": null,
            "Arg3": null,
            "Arg4": null
          }
        },
        {
          "sent_ID": "dante_01_449571881864409088l",
          "text": "CPFE CPFL ENERGIA dividendos | | aprov 26/3/2014 | | dataex 30/4/2014 | | pagto n/d | | CPFE3 R$ 0,590062200 http://t.co/hW0GTPCvy5",
          "realization": {
            "Arg0": null,
            "Arg1": null,
            "Arg2": null,
            "Arg3": null,
            "Arg4": null
          },
          "syntax": {
            "Arg0": null,
            "Arg1": null,
            "Arg2": null,
            "Arg3": null,
            "Arg4": null
          }
        },
        {
          "sent_ID": "dante_01_449573509464076288l",
          "text": "ELETROBRAS jscp | apro 27/03/2014 | ex 30/04/2014 | | pg n/d | ELET3 R$ 0,399210837 | ELET5 R$ 2,178256587 | ELET6 R$ 1,63369244 http://t.co/PGllxA71xr",
          "realization": {
            "Arg0": null,
            "Arg1": null,
            "Arg2": null,
            "Arg3": null,
            "Arg4": null
          },
          "syntax": {
            "Arg0": null,
            "Arg1": null,
            "Arg2": null,
            "Arg3": null,
            "Arg4": null
          }
        },
        {
          "sent_ID": "dante_01_448954583717806080l",
          "text": "RT @dividendo_br : ELPL ELETROPAULO dividendos | | aprov 25/04/2014 | | dataex 28/04/2014 | | pagto n/d | | ELPL3 R$ 0,388977082 | | ELPL4 R$ 0,42787479 http …",
          "realization": {
            "Arg0": null,
            "Arg1": null,
            "Arg2": null,
            "Arg3": null,
            "Arg4": null
          },
          "syntax": {
            "Arg0": null,
            "Arg1": null,
            "Arg2": null,
            "Arg3": null,
            "Arg4": null
          }
        },
        {
          "sent_ID": "dante_01_446638880327229441l",
          "text": "RT @dividendo_br : CRUZ SOUZA CRUZ dividendos | | aprov 19/3/2014 | | dataex 20/3/2014 | | pagto 22/4/2014 | | CRUZ3 R$ 0,53600 http://t.co/VSgnbIRjKO",
          "realization": {
            "Arg0": null,
            "Arg1": null,
            "Arg2": null,
            "Arg3": null,
            "Arg4": null
          },
          "syntax": {
            "Arg0": null,
            "Arg1": null,
            "Arg2": null,
            "Arg3": null,
            "Arg4": null
          }
        },
        {
          "sent_ID": "dante_01_446320170353844226l",
          "text": "RT @dividendo_br : PCAR P.ACUCAR-CBD ON * div | | aprov 16/4/2014 | | dataex 17/4/2014 | | pagto n/d | | PCAR3 R$ 0,5353953451 | | PCAR4 R$ 0,5889348796 http …",
          "realization": {
            "Arg0": null,
            "Arg1": null,
            "Arg2": null,
            "Arg3": null,
            "Arg4": null
          },
          "syntax": {
            "Arg0": null,
            "Arg1": null,
            "Arg2": null,
            "Arg3": null,
            "Arg4": null
          }
        },
        {
          "sent_ID": "dante_01_449175205903335427l",
          "text": "RT @dividendo_br : SANTANDER div | apro 26/3/2014 | ex 27/3/2014 | pg 28/8/2014 | SANB3 R$ 0,289686752 | SANB4 R$ 0,318655427 | SANB11 R$ 31,86554272 http …",
          "realization": {
            "Arg0": null,
            "Arg1": null,
            "Arg2": null,
            "Arg3": null,
            "Arg4": null
          },
          "syntax": {
            "Arg0": null,
            "Arg1": null,
            "Arg2": null,
            "Arg3": null,
            "Arg4": null
          }
        },
        {
          "sent_ID": "dante_01_452110015714033664l",
          "text": "ELETROBRAS jscp | aprov 30/04/2014 | ex 02/05/2014 | | pg n/d | ELET3 R$ 0,399210837 | ELET5 R$ 2,178256587 | ELET6 R$ 1,63369244 http://t.co/IjtHKlQlfr",
          "realization": {
            "Arg0": null,
            "Arg1": null,
            "Arg2": null,
            "Arg3": null,
            "Arg4": null
          },
          "syntax": {
            "Arg0": null,
            "Arg1": null,
            "Arg2": null,
            "Arg3": null,
            "Arg4": null
          }
        },
        {
          "sent_ID": "dante_01_462227745637138432l",
          "text": "MRVE MRV dividendos | | aprov 30/04/2014 | | dataex 16/05/2014 | | pagto 16/06/2014 | | MRVE3 R$ 0,301514331 http://t.co/YEuPBCReqe",
          "realization": {
            "Arg0": null,
            "Arg1": null,
            "Arg2": null,
            "Arg3": null,
            "Arg4": null
          },
          "syntax": {
            "Arg0": null,
            "Arg1": null,
            "Arg2": null,
            "Arg3": null,
            "Arg4": null
          }
        },
        {
          "sent_ID": "dante_01_449646149990096896l",
          "text": "CPFE CPFL ENERGIA dividendos | | aprov 29/4/2014 | | dataex 30/4/2014 | | pagto n/d | | CPFE3 R$ 0,590062200 http://t.co/ekkPZMOGZw",
          "realization": {
            "Arg0": null,
            "Arg1": null,
            "Arg2": null,
            "Arg3": null,
            "Arg4": null
          },
          "syntax": {
            "Arg0": null,
            "Arg1": null,
            "Arg2": null,
            "Arg3": null,
            "Arg4": null
          }
        },
        {
          "sent_ID": "dante_01_461553439965974528l",
          "text": "ECOR ECORODOVIAS dividendos | | aprov 29/04/2014 | | dataex 30/04/2014 | | pagto 15/05/2014 | | ECOR3 R$ 0,873067589 http://t.co/UP9I8XRFL9",
          "realization": {
            "Arg0": null,
            "Arg1": null,
            "Arg2": null,
            "Arg3": null,
            "Arg4": null
          },
          "syntax": {
            "Arg0": null,
            "Arg1": null,
            "Arg2": null,
            "Arg3": null,
            "Arg4": null
          }
        },
        {
          "sent_ID": "dante_01_449657325595660288l",
          "text": "HGTX CIA HERING dividendos | | aprov 23/04/2014 | | dataex 24/04/2014 | | pagto 28/05/2014 | | HGTX3 R$ 0,3037 http://t.co/nN7pFUCoM3",
          "realization": {
            "Arg0": null,
            "Arg1": null,
            "Arg2": null,
            "Arg3": null,
            "Arg4": null
          },
          "syntax": {
            "Arg0": null,
            "Arg1": null,
            "Arg2": null,
            "Arg3": null,
            "Arg4": null
          }
        },
        {
          "sent_ID": "dante_01_459684982190268416l",
          "text": "PCAR P.ACUCAR-CBD ON dividendos | | aprov 24/4/2014 | | dataex 06/5/2014 | | pagto 15/5/2014 | | PCAR3 R$ 0,127272 | | PCAR4 R$ 0,14 http://t.co/nFHvPrUXRj",
          "realization": {
            "Arg0": null,
            "Arg1": null,
            "Arg2": null,
            "Arg3": null,
            "Arg4": null
          },
          "syntax": {
            "Arg0": null,
            "Arg1": null,
            "Arg2": null,
            "Arg3": null,
            "Arg4": null
          }
        },
        {
          "sent_ID": "dante_01_450677267967250432l",
          "text": "RT @dividendo_br : CPLE COPEL dividendos | | aprov 24/4/2014 | | ex 25/4/2014 | | pagto n/d | | CPLE3 R$ 0,82136 | | CPLE5 R$ 127,708 | | CPLE6 R$ 0,90366 http: …",
          "realization": {
            "Arg0": null,
            "Arg1": null,
            "Arg2": null,
            "Arg3": null,
            "Arg4": null
          },
          "syntax": {
            "Arg0": null,
            "Arg1": null,
            "Arg2": null,
            "Arg3": null,
            "Arg4": null
          }
        },
        {
          "sent_ID": "dante_01_461555333207707648l",
          "text": "RT @dividendo_br : ECOR ECORODOVIAS dividendos | | aprov 29/04/2014 | | dataex 30/04/2014 | | pagto 15/05/2014 | | ECOR3 R$ 0,873067589 http://t.co/UP9I8XR…",
          "realization": {
            "Arg0": null,
            "Arg1": null,
            "Arg2": null,
            "Arg3": null,
            "Arg4": null
          },
          "syntax": {
            "Arg0": null,
            "Arg1": null,
            "Arg2": null,
            "Arg3": null,
            "Arg4": null
          }
        },
        {
          "sent_ID": "dante_01_452114970592165888l",
          "text": "RT @dividendo_br : ELETROBRAS jscp | aprov 30/04/2014 | ex 02/05/2014 | | pg n/d | ELET3 R$ 0,399210837 | ELET5 R$ 2,178256587 | ELET6 R$ 1,63369244 htt …",
          "realization": {
            "Arg0": null,
            "Arg1": null,
            "Arg2": null,
            "Arg3": null,
            "Arg4": null
          },
          "syntax": {
            "Arg0": null,
            "Arg1": null,
            "Arg2": null,
            "Arg3": null,
            "Arg4": null
          }
        },
        {
          "sent_ID": "dante_01_452175883265384449l",
          "text": "RT @dividendo_br : ENBR ENERGIAS BR dividendos | | aprov 29/4/2014 | | dataex 30/4/2014 | | pagto n/d | | ENBR3 R$ 0,717165 http://t.co/IJzOtrdAz7",
          "realization": {
            "Arg0": null,
            "Arg1": null,
            "Arg2": null,
            "Arg3": null,
            "Arg4": null
          },
          "syntax": {
            "Arg0": null,
            "Arg1": null,
            "Arg2": null,
            "Arg3": null,
            "Arg4": null
          }
        },
        {
          "sent_ID": "dante_01_456794505094520832l",
          "text": "RT @dividendo_br : SUZB SUZANO PAPEL div | | aprov 30/4/2014 | ex 2/5/2014 | | pagto n/d | | SUZB3 R$ 0,10545 | | SUZB5 R$ 0,116 | | SUZB6 R$ 0,34523 http://…",
          "realization": {
            "Arg0": null,
            "Arg1": null,
            "Arg2": null,
            "Arg3": null,
            "Arg4": null
          },
          "syntax": {
            "Arg0": null,
            "Arg1": null,
            "Arg2": null,
            "Arg3": null,
            "Arg4": null
          }
        },
        {
          "sent_ID": "dante_01_458573835730960384l",
          "text": "$PETR3 - Petrobras ( petr ) - Pagamento De Juros Sobre Capital Proprio / Valor Atualizado http://t.co/8x8D9VAAAn",
          "realization": {
            "Arg0": "$PETR3 - Petrobras ( petr )",
            "Arg1": null,
            "Arg2": null,
            "Arg3": "De Juros Sobre Capital Proprio",
            "Arg4": null
          },
          "syntax": {
            "Arg0": "nmod",
            "Arg1": null,
            "Arg2": null,
            "Arg3": "amod",
            "Arg4": null
          }
        },
        {
          "sent_ID": "dante_01_445913773539598336l",
          "text": "$BBDC3 - Bradesco ( bbdc-n1 ) - Pagamento De Juros Sobre O Capital Proprio Mensais http://t.co/GF51kOxLRu",
          "realization": {
            "Arg0": "$BBDC3 - Bradesco ( bbdc-n1 )",
            "Arg1": null,
            "Arg2": null,
            "Arg3": null,
            "Arg4": null
          },
          "syntax": {
            "Arg0": "nmod",
            "Arg1": null,
            "Arg2": null,
            "Arg3": null,
            "Arg4": null
          }
        },
        {
          "sent_ID": "dante_01_456409905574854656l",
          "text": "$BBDC3 - Bradesco ( bbdc-n1 ) - Pagamento De Juros Sobre O Capital Proprio Mensais http://t.co/wJBfW4Fvvz",
          "realization": {
            "Arg0": "$BBDC3 - Bradesco ( bbdc-n1 )",
            "Arg1": null,
            "Arg2": null,
            "Arg3": null,
            "Arg4": null
          },
          "syntax": {
            "Arg0": "nmod",
            "Arg1": null,
            "Arg2": null,
            "Arg3": null,
            "Arg4": null
          }
        },
        {
          "sent_ID": "dante_01_445656190060883969l",
          "text": "#BR #BOVESPA #EMBR3 Embraer divulga aviso a os acionistas referente a o pagamento de juros sobre o capital próprio . http://t.co/9TKGW0Mube",
          "realization": {
            "Arg0": "Embraer",
            "Arg1": null,
            "Arg2": null,
            "Arg3": "de juros sobre o capital próprio",
            "Arg4": null
          },
          "syntax": {
            "Arg0": "nsubj",
            "Arg1": null,
            "Arg2": null,
            "Arg3": "amod",
            "Arg4": null
          }
        },
        {
          "sent_ID": "dante_01_446250331123773440l",
          "text": "$LREN3 - Lojas Renner ( lren-nm ) - Declaracao E Pagamento De Juros Sobre O Capital Proprio http://t.co/flXNxtpbT1",
          "realization": {
            "Arg0": "$LREN3 - Lojas Renner ( lren-nm )",
            "Arg1": null,
            "Arg2": null,
            "Arg3": "De Juros Sobre O Capital Proprio",
            "Arg4": null
          },
          "syntax": {
            "Arg0": "nmod",
            "Arg1": null,
            "Arg2": null,
            "Arg3": "amod",
            "Arg4": null
          }
        },
        {
          "sent_ID": "dante_01_449327281002270721l",
          "text": "$SBSP3 - SABESP anuncia pagamento de juros sobre capital próprio http://t.co/pxkdBw0jm0",
          "realization": {
            "Arg0": "$SBSP3 - SABESP",
            "Arg1": null,
            "Arg2": null,
            "Arg3": "de juros sobre capital próprio",
            "Arg4": null
          },
          "syntax": {
            "Arg0": "nsubj",
            "Arg1": null,
            "Arg2": null,
            "Arg3": "amod",
            "Arg4": null
          }
        },
        {
          "sent_ID": "dante_01_469457671318667264l",
          "text": "$HGTX3 - Cia Hering ( hgtx-nm ) - Pagamento De Juros Sobre O Capital Proprio http://t.co/ddGCyfEjNc",
          "realization": {
            "Arg0": "$HGTX3 - Cia Hering ( hgtx-nm )",
            "Arg1": null,
            "Arg2": null,
            "Arg3": "De Juros Sobre O Capital Proprio",
            "Arg4": null
          },
          "syntax": {
            "Arg0": "nmod",
            "Arg1": null,
            "Arg2": null,
            "Arg3": "amod",
            "Arg4": null
          }
        },
        {
          "sent_ID": "dante_01_469515693843820544l",
          "text": "#HGTX3 - Varejista anuncia pagamento de R$ 23 milhões em proventos a os acionistas - http://t.co/GpbAryELGh",
          "realization": {
            "Arg0": "Varejista",
            "Arg1": "de R$ 23 milhões",
            "Arg2": "a os acionistas",
            "Arg3": null,
            "Arg4": null
          },
          "syntax": {
            "Arg0": "nsubj",
            "Arg1": "nmod",
            "Arg2": "nmod",
            "Arg3": null,
            "Arg4": null
          }
        },
        {
          "sent_ID": "dante_01_453151478317088768l",
          "text": "$CRUZ3 - Souza Cruz ( cruz ) - Pagamento De Dividendo ( valor Atualizado ) http://t.co/cfGtKSZ07F",
          "realization": {
            "Arg0": "$CRUZ3 - Souza Cruz ( cruz )",
            "Arg1": null,
            "Arg2": null,
            "Arg3": "De Dividendo",
            "Arg4": null
          },
          "syntax": {
            "Arg0": "flat:name",
            "Arg1": null,
            "Arg2": null,
            "Arg3": "nmod",
            "Arg4": null
          }
        },
        {
          "sent_ID": "dante_01_448437735054139393l",
          "text": "$CIEL3 - Cielo ( ciel-nm ) - Pgto . Dividendo E Juros ( alteracao De os Valores Por Acao ) http://t.co/pNIoX1dKA3",
          "realization": {
            "Arg0": "$CIEL3 - Cielo ( ciel-nm )",
            "Arg1": null,
            "Arg2": null,
            "Arg3": "Dividendo E Juros",
            "Arg4": null
          },
          "syntax": {
            "Arg0": "nmod",
            "Arg1": null,
            "Arg2": null,
            "Arg3": "nmod",
            "Arg4": null
          }
        },
        {
          "sent_ID": "dante_01_446614292822228992l",
          "text": "Localiza ( RENT3 ) autoriza pagamento de R$ 13,9 mi em juros sobre capital próprio ...",
          "realization": {
            "Arg0": "Localiza ( RENT3 )",
            "Arg1": "de R$ 13,9 mi",
            "Arg2": null,
            "Arg3": "em juros sobre capital próprio",
            "Arg4": null
          },
          "syntax": {
            "Arg0": "nsubj",
            "Arg1": "nummod",
            "Arg2": null,
            "Arg3": "amod",
            "Arg4": null
          }
        }
      ],
      "syntactic_profile": {
        "Arg0": {
          "nmod": 8,
          "nsubj": 5,
          "root": 2,
          "flat:name": 1
        },
        "Arg3": {
          "nmod": 3,
          "case": 1,
          "amod": 6
        },
        "Arg1": {
          "nmod": 1,
          "nummod": 1
        },
        "Arg2": {
          "nmod": 1
        }
      }
    }
  ]
}