{
  "lemma": "perspectiva",
  "lemma_base": "perspectiva",
  "senses": [
    {
      "pt_roleset": "perspectiva.01",
      "pt_sense_index": 1,
      "pt_sense_hint": 1,
      "english_roleset": "perspective.01",
      "english_roleset_source": "verb-opine.01",
      "nombank_url": "https://nlp.cs.nyu.edu/meyers/nombank/nombank.1.0/frames/perspective.xml",
      "roles": [
        {
          "id": "Arg0",
          "desc": "speaker"
        },
        {
          "id": "Arg1",
          "desc": "opinion"
        },
        {
          "id": "Arg2",
          "desc": "hearer"
        },
        {
          "id": "Arg3",
          "desc": null
        },
        {
          "id": "Arg4",
          "desc": null
        }
      ],
      "examples": [
        {
          "sent_ID": "dante_01_464201927031803904l",
          "text": "#BOVESPA #USIM5 S&P eleva perspectiva de nota de a Usiminas para estável : http://t.co/JdfGy10phl #BR",
          "realization": {
            "Arg0": "S&P",
            "Arg1": "de nota de a Usiminas para estável",
            "Arg2": null,
            "Arg3": null,
            "Arg4": null
          },
          "syntax": {
            "Arg0": "nsubj",
            "Arg1": "obl",
            "Arg2": null,
            "Arg3": null,
            "Arg4": null
          }
        },
        {
          "sent_ID": "dante_01_450653213835145216l",
          "text": "#BOVESPA #VALE5 Ação de a Vale sobe com perspectiva de estímulo em a China . http://t.co/dcYSiVa45x #ASIA",
          "realization": {
            "Arg0": null,
            "Arg1": "de estímulo em a China",
            "Arg2": null,
            "Arg3": null,
            "Arg4": null
          },
          "syntax": {
            "Arg0": null,
            "Arg1": "nmod",
            "Arg2": null,
            "Arg3": null,
            "Arg4": null
          }
        },
        {
          "sent_ID": "dante_01_456867956006588416l",
          "text": "@coroneldoblog Apenas a perspectiva de divulgação de nova pesquisa de o IBOPE , logo mais , faz Petrobrás ( PETR4 ) disparar em a Bovespa de novo .",
          "realization": {
            "Arg0": null,
            "Arg1": "de divulgação de nova pesquisa de o IBOPE",
            "Arg2": null,
            "Arg3": null,
            "Arg4": null
          },
          "syntax": {
            "Arg0": null,
            "Arg1": "nmod",
            "Arg2": null,
            "Arg3": null,
            "Arg4": null
          }
        },
        {
          "sent_ID": "dante_01_448888350523813888l",
          "text": "#PETR3 #PETR4 - Fitch afirma rating de a Petrobras em BBB com perspectiva estável - http://t.co/O6p9US6gV4",
          "realization": {
            "Arg0": null,
            "Arg1": null,
            "Arg2": null,
            "Arg3": null,
            "Arg4": null
          },
          "syntax": {
            "Arg0": null,
            "Arg1": null,
            "Arg2": null,
            "Arg3": null,
            "Arg4": null
          }
        },
        {
          "sent_ID": "dante_01_449269972699975681l",
          "text": "Teria curiosidade de saber o que a Dilma achou de a #PETR4 subir mais de 7 % com a perspectiva de que ela pode perder a eleição ...",
          "realization": {
            "Arg0": null,
            "Arg1": "de que ela pode perder a eleição",
            "Arg2": null,
            "Arg3": null,
            "Arg4": null
          },
          "syntax": {
            "Arg0": null,
            "Arg1": "obj",
            "Arg2": null,
            "Arg3": null,
            "Arg4": null
          }
        },
        {
          "sent_ID": "dante_01_449597804189847552l",
          "text": "RT @chrinvestor : Teria curiosidade de saber o que a Dilma achou de a #PETR4 subir mais de 7 % com a perspectiva de que ela pode perder a el …",
          "realization": {
            "Arg0": null,
            "Arg1": "de que ela pode perder a el",
            "Arg2": null,
            "Arg3": null,
            "Arg4": null
          },
          "syntax": {
            "Arg0": null,
            "Arg1": "obj:wtrunc",
            "Arg2": null,
            "Arg3": null,
            "Arg4": null
          }
        }
      ],
      "syntactic_profile": {
        "Arg0": {
          "nsubj": 1
        },
        "Arg1": {
          "obl": 1,
          "nmod": 2,
          "obj": 1,
          "obj:wtrunc": 1
        }
      }
    }
  ]
}