{
  "lemma": "post",
  "lemma_base": "post",
  "senses": [
    {
      "pt_roleset": "post.01",
      "pt_sense_index": 1,
      "pt_sense_hint": 1,
      "english_roleset": "posting.01",
      "english_roleset_source": "verb-post.01",
      "nombank_url": "https://nlp.cs.nyu.edu/meyers/nombank/nombank.1.0/frames/posting.xml",
      "roles": [
        {
          "id": "Arg0",
          "desc": "poster"
        },
        {
          "id": "Arg1",
          "desc": "posted"
        },
        {
          "id": "Arg2",
          "desc": "posted-to"
        },
        {
          "id": "Arg3",
          "desc": null
        },
        {
          "id": "Arg4",
          "desc": null
        }
      ],
      "examples": [
        {
          "sent_ID": "dante_01_449534539766194176l",
          "text": "PETR4 : acabei de atualizar mais um post em o fórum sobre a PETR4 . Quem quiser dar uma olhada , acesse o link : ... http://t.co/67gH4nXRID",
          "realization": {
            "Arg0": null,
            "Arg1": "sobre a PETR4",
            "Arg2": null,
            "Arg3": null,
            "Arg4": null
          },
          "syntax": {
            "Arg0": null,
            "Arg1": "nmod",
            "Arg2": null,
            "Arg3": null,
            "Arg4": null
          }
        },
        {
          "sent_ID": "dante_01_449627192734265344l",
          "text": "Olha o Post ! ! ! RT @Live_Trade : #petr4 agora que vi , o King Kong tem briga em 15,35",
          "realization": {
            "Arg0": null,
            "Arg1": "RT @Live_Trade : #petr4 agora que vi , o King Kong tem briga em 15,35",
            "Arg2": null,
            "Arg3": null,
            "Arg4": null
          },
          "syntax": {
            "Arg0": null,
            "Arg1": "nmod",
            "Arg2": null,
            "Arg3": null,
            "Arg4": null
          }
        },
        {
          "sent_ID": "dante_01_456434999869194241l",
          "text": "@clubedopairico Podia rolar um post sobre isso , heim Zé ? ! A perda de o peso de a Petr4 , as causas e possíves efeitos . #ERROR!",
          "realization": {
            "Arg0": null,
            "Arg1": "sobre isso",
            "Arg2": null,
            "Arg3": null,
            "Arg4": null
          },
          "syntax": {
            "Arg0": null,
            "Arg1": "nmod",
            "Arg2": null,
            "Arg3": null,
            "Arg4": null
          }
        },
        {
          "sent_ID": "dante_01_441997448626835456l",
          "text": "FOI ! ! ! OBJ CUMPRIDO ! ! ! RT @Live_Trade: Quem lembra de o Post #Vale5armando uma linda venda de diário ? pois é 27,35 obj de a queda .",
          "realization": {
            "Arg0": null,
            "Arg1": "#Vale5armando uma linda venda de diário",
            "Arg2": null,
            "Arg3": null,
            "Arg4": null
          },
          "syntax": {
            "Arg0": null,
            "Arg1": "nmod",
            "Arg2": null,
            "Arg3": null,
            "Arg4": null
          }
        }
      ],
      "syntactic_profile": {
        "Arg1": {
          "nmod": 4
        }
      }
    }
  ]
}