{
  "lemma": "proposta",
  "lemma_base": "proposta",
  "senses": [
    {
      "pt_roleset": "proposta.01",
      "pt_sense_index": 1,
      "pt_sense_hint": 1,
      "english_roleset": "proposal.01",
      "english_roleset_source": "verb-propose.01",
      "nombank_url": "https://nlp.cs.nyu.edu/meyers/nombank/nombank.1.0/frames/proposal.xml",
      "roles": [
        {
          "id": "Arg0",
          "desc": "entity proposing"
        },
        {
          "id": "Arg1",
          "desc": "thing proposed, proposition"
        },
        {
          "id": "Arg2",
          "desc": "beneficiary or entity proposed to"
        },
        {
          "id": "Arg3",
          "desc": "label"
        },
        {
          "id": "Arg4",
          "desc": null
        }
      ],
      "examples": [
        {
          "sent_ID": "dante_01_446638058633699328l",
          "text": "$RENT3 - Localiza (rent-nm) - proposta De Dividendos Para Ago / Distribuicao De Juros Cp http://t.co/bLjTH8bSid",
          "realization": {
            "Arg0": "Localiza",
            "Arg1": "de Dividendos",
            "Arg2": "Ago",
            "Arg3": null,
            "Arg4": null
          },
          "syntax": {
            "Arg0": "nmod",
            "Arg1": "nmod",
            "Arg2": "nmod",
            "Arg3": null,
            "Arg4": null
          }
        },
        {
          "sent_ID": "dante_01_448061183451746304l",
          "text": "$DTEX3 - Duratex (dtex-nm) - Fato Relevante - proposta De Aumento De Capital Social http://t.co/7naGCJeqAn",
          "realization": {
            "Arg0": "Duratex",
            "Arg1": "de Aumento de Capital Social",
            "Arg2": null,
            "Arg3": null,
            "Arg4": null
          },
          "syntax": {
            "Arg0": "nmod",
            "Arg1": "amod",
            "Arg2": null,
            "Arg3": null,
            "Arg4": null
          }
        },
        {
          "sent_ID": "dante_01_460783757025624064l",
          "text": "$ENBR3 - Energias Br (enbr-nm) - Reapresentacao Da Proposta Da Ago/e http://t.co/gBsA5NtlSy",
          "realization": {
            "Arg0": "Energias Br",
            "Arg1": null,
            "Arg2": "Ago",
            "Arg3": null,
            "Arg4": null
          },
          "syntax": {
            "Arg0": "flat:name",
            "Arg1": null,
            "Arg2": null,
            "Arg3": null,
            "Arg4": null
          }
        },
        {
          "sent_ID": "dante_01_456398217542766592l",
          "text": "$CSAN3 - Cosan (csan-nm) - Fato Relevante - Aprovacao-proposta De Incorporacao-all E Rumo http://t.co/ctpNxKDEsC",
          "realization": {
            "Arg0": "Cosan",
            "Arg1": "de Incorporacao",
            "Arg2": "all E Rumo",
            "Arg3": null,
            "Arg4": null
          },
          "syntax": {
            "Arg0": "nmod",
            "Arg1": "nmod",
            "Arg2": "nmod",
            "Arg3": null,
            "Arg4": null
          }
        },
        {
          "sent_ID": "dante_01_456842896021278720l",
          "text": "Guiné aprova proposta de cassar concessões de Vale e BSGR, diz fonte: A recomendação foi fei... http://t.co/YccHpNWsUt #infomoney #vale5",
          "realization": {
            "Arg0": "Guiné",
            "Arg1": "de cassar concessões de Vale e BSGR",
            "Arg2": null,
            "Arg3": null,
            "Arg4": null
          },
          "syntax": {
            "Arg0": "nsubj",
            "Arg1": "nmod",
            "Arg2": null,
            "Arg3": null,
            "Arg4": null
          }
        },
        {
          "sent_ID": "dante_01_449545769029496834l",
          "text": "$ELET3 - Eletrobras ( elet-n1 ) - Proposta A Ago ( juros Sobre O Capital Proprio ) http://t.co/uNETqgtLAP",
          "realization": {
            "Arg0": "Eletrobras ( elet-n1 )",
            "Arg1": "juros Sobre O Capital Proprio",
            "Arg2": "A Ago",
            "Arg3": null,
            "Arg4": null
          },
          "syntax": {
            "Arg0": "nmod",
            "Arg1": "amod",
            "Arg2": "nmod",
            "Arg3": null,
            "Arg4": null
          }
        },
        {
          "sent_ID": "dante_01_448061183451746304l",
          "text": "$DTEX3 - Duratex ( dtex-nm ) - Fato Relevante - Proposta De Aumento De Capital Social http://t.co/7naGCJeqAn",
          "realization": {
            "Arg0": "Duratex ( dtex-nm )",
            "Arg1": "De Aumento De Capital Social",
            "Arg2": null,
            "Arg3": null,
            "Arg4": null
          },
          "syntax": {
            "Arg0": "nmod",
            "Arg1": "amod",
            "Arg2": null,
            "Arg3": null,
            "Arg4": null
          }
        },
        {
          "sent_ID": "dante_01_456398217542766592l",
          "text": "$CSAN3 - Cosan ( csan-nm ) - Fato Relevante - Aprovacao - proposta De Incorporacao - all E Rumo http://t.co/ctpNxKDEsC",
          "realization": {
            "Arg0": "Cosan ( csan-nm )",
            "Arg1": "De Incorporacao",
            "Arg2": "all E Rumo",
            "Arg3": null,
            "Arg4": null
          },
          "syntax": {
            "Arg0": "nmod",
            "Arg1": "nmod",
            "Arg2": "nmod",
            "Arg3": null,
            "Arg4": null
          }
        }
      ],
      "syntactic_profile": {
        "Arg0": {
          "nmod": 6,
          "flat:name": 1,
          "nsubj": 1
        },
        "Arg1": {
          "nmod": 4,
          "amod": 3
        },
        "Arg2": {
          "nmod": 4
        }
      }
    }
  ]
}