{
  "lemma": "rateio",
  "lemma_base": "rateio",
  "senses": [
    {
      "pt_roleset": "rateio.01",
      "pt_sense_index": 1,
      "pt_sense_hint": 1,
      "english_roleset": "allocation.01",
      "english_roleset_source": "verb-allocate.01",
      "nombank_url": "https://nlp.cs.nyu.edu/meyers/nombank/nombank.1.0/frames/allocation.xml",
      "roles": [
        {
          "id": "Arg0",
          "desc": "granter"
        },
        {
          "id": "Arg1",
          "desc": "thing granted"
        },
        {
          "id": "Arg2",
          "desc": "beneficiary"
        },
        {
          "id": "Arg3",
          "desc": null
        },
        {
          "id": "Arg4",
          "desc": null
        }
      ],
      "examples": [
        {
          "sent_ID": "dante_01_441545011491254272l",
          "text": "$MRFG3 - Marfrig ( mrfg-nm ) - Percentual De Rateio De Sobras http://t.co/qCZO8BIwwl",
          "realization": {
            "Arg0": null,
            "Arg1": "De Sobras",
            "Arg2": null,
            "Arg3": null,
            "Arg4": null
          },
          "syntax": {
            "Arg0": null,
            "Arg1": "nmod",
            "Arg2": null,
            "Arg3": null,
            "Arg4": null
          }
        }
      ],
      "syntactic_profile": {
        "Arg1": {
          "nmod": 1
        }
      }
    }
  ]
}