{
  "lemma": "reapresentação",
  "lemma_base": "reapresentação",
  "senses": [
    {
      "pt_roleset": "reapresentação.01",
      "pt_sense_index": 1,
      "pt_sense_hint": 1,
      "english_roleset": "submission.01",
      "english_roleset_source": "verb-submit.01",
      "nombank_url": "https://nlp.cs.nyu.edu/meyers/nombank/nombank.1.0/frames/submission.xml",
      "roles": [
        {
          "id": "Arg0",
          "desc": "giver"
        },
        {
          "id": "Arg1",
          "desc": "thing given"
        },
        {
          "id": "Arg2",
          "desc": "given to"
        },
        {
          "id": "Arg3",
          "desc": "secondary attribute of thing given"
        },
        {
          "id": "Arg4",
          "desc": null
        }
      ],
      "examples": [
        {
          "sent_ID": "dante_01_468398191453683712l",
          "text": "$ESTC3 - Estacio Part ( estc-nm ) - fato Relevante - aquisicao Uniseb - reapres ( redivulgacao ) http://t.co/alIlIRxgUk",
          "realization": {
            "Arg0": null,
            "Arg1": null,
            "Arg2": null,
            "Arg3": null,
            "Arg4": null
          },
          "syntax": {
            "Arg0": null,
            "Arg1": null,
            "Arg2": null,
            "Arg3": null,
            "Arg4": null
          }
        },
        {
          "sent_ID": "dante_01_451363380805525505l",
          "text": "$ELET3 - Eletrobras ( elet-n1 ) - Material De Apresentacao - Reapresentacao http://t.co/c6lxTa9jHP",
          "realization": {
            "Arg0": null,
            "Arg1": null,
            "Arg2": null,
            "Arg3": null,
            "Arg4": null
          },
          "syntax": {
            "Arg0": null,
            "Arg1": null,
            "Arg2": null,
            "Arg3": null,
            "Arg4": null
          }
        },
        {
          "sent_ID": "dante_01_467405977067978754l",
          "text": "$ELET3 - Eletrobras ( elet-n1 ) - Comentarios Sobre Os Resultados - 31/03/2014 - Reap . http://t.co/LdQEfRBbmY",
          "realization": {
            "Arg0": null,
            "Arg1": null,
            "Arg2": null,
            "Arg3": null,
            "Arg4": null
          },
          "syntax": {
            "Arg0": null,
            "Arg1": null,
            "Arg2": null,
            "Arg3": null,
            "Arg4": null
          }
        },
        {
          "sent_ID": "dante_01_441589989944860673l",
          "text": "$PETR3 - Petrobras ( petr ) - Prod De 40 Mil Barris Dia Cascade E Chinook - Reapresentacao http://t.co/RBAlmZx1OK",
          "realization": {
            "Arg0": null,
            "Arg1": null,
            "Arg2": null,
            "Arg3": null,
            "Arg4": null
          },
          "syntax": {
            "Arg0": null,
            "Arg1": null,
            "Arg2": null,
            "Arg3": null,
            "Arg4": null
          }
        },
        {
          "sent_ID": "dante_01_468839344875536384l",
          "text": "$ESTC3 - Estacio Part ( estc-nm ) - Reapresentacao De o Material Apresentado A Investidores http://t.co/1s7pBvJsgQ",
          "realization": {
            "Arg0": null,
            "Arg1": "De o Material Apresentado",
            "Arg2": "A Investidores",
            "Arg3": null,
            "Arg4": null
          },
          "syntax": {
            "Arg0": null,
            "Arg1": "acl",
            "Arg2": "obl",
            "Arg3": null,
            "Arg4": null
          }
        },
        {
          "sent_ID": "dante_01_464415910338772993l",
          "text": "$BBAS3 - Banco De o Brasil ( bbas-nm ) - Relatorio De Analise Gerencial Reapresentacao http://t.co/06H7Ncc4jQ",
          "realization": {
            "Arg0": "$BBAS3 - Banco De o Brasil ( bbas-nm )",
            "Arg1": "Relatório De Análise Gerencial",
            "Arg2": null,
            "Arg3": null,
            "Arg4": null
          },
          "syntax": {
            "Arg0": "nmod",
            "Arg1": "amod",
            "Arg2": null,
            "Arg3": null,
            "Arg4": null
          }
        },
        {
          "sent_ID": "dante_01_460783757025624064l",
          "text": "$ENBR3 - Energias Br ( enbr-nm ) - Reapresentacao De a Proposta De a Ago/e http://t.co/gBsA5NtlSy",
          "realization": {
            "Arg0": "$ENBR3 - Energias Br ( enbr-nm )",
            "Arg1": "De a Proposta De a Ago/e",
            "Arg2": null,
            "Arg3": null,
            "Arg4": null
          },
          "syntax": {
            "Arg0": "nmod",
            "Arg1": "nmod",
            "Arg2": null,
            "Arg3": null,
            "Arg4": null
          }
        },
        {
          "sent_ID": "dante_01_462327183563042816l",
          "text": "$RENT3 - Localiza ( rent-nm ) - Relatorio De o Agente Fiduciario Reapresentacao http://t.co/Gk0aK3dHbG",
          "realization": {
            "Arg0": null,
            "Arg1": null,
            "Arg2": null,
            "Arg3": null,
            "Arg4": null
          },
          "syntax": {
            "Arg0": null,
            "Arg1": null,
            "Arg2": null,
            "Arg3": null,
            "Arg4": null
          }
        }
      ],
      "syntactic_profile": {
        "Arg1": {
          "acl": 1,
          "amod": 1,
          "nmod": 1
        },
        "Arg2": {
          "obl": 1
        },
        "Arg0": {
          "nmod": 2
        }
      }
    }
  ]
}