{
  "lemma": "recomendação",
  "lemma_base": "recomendação",
  "senses": [
    {
      "pt_roleset": "recomendação.01",
      "pt_sense_index": 1,
      "pt_sense_hint": 1,
      "english_roleset": "recommendation.01",
      "english_roleset_source": "verb-recommend.01",
      "nombank_url": "https://nlp.cs.nyu.edu/meyers/nombank/nombank.1.0/frames/recommendation.xml",
      "roles": [
        {
          "id": "Arg0",
          "desc": "recommender"
        },
        {
          "id": "Arg1",
          "desc": "thing recommended"
        },
        {
          "id": "Arg2",
          "desc": "recommended to"
        },
        {
          "id": "Arg3",
          "desc": "secondary attribute"
        },
        {
          "id": "Arg4",
          "desc": null
        }
      ],
      "examples": [
        {
          "sent_ID": "dante_01_443881920188145664l",
          "text": "RT @AASchwartz : @piavu e as recomendações de compra em jbss3 e mmxm3 de o @ferrisss em o início de o ano . Se ele soubesse um mín de AT não levava …",
          "realization": {
            "Arg0": null,
            "Arg1": "de compra",
            "Arg2": null,
            "Arg3": null,
            "Arg4": null
          },
          "syntax": {
            "Arg0": null,
            "Arg1": "nmod",
            "Arg2": null,
            "Arg3": null,
            "Arg4": null
          }
        },
        {
          "sent_ID": "dante_01_456842896021278720l",
          "text": "Guiné aprova proposta de cassar concessões de Vale e BSGR , diz fonte : A recomendação foi fei ... http://t.co/YccHpNWsUt #infomoney #vale5",
          "realization": {
            "Arg0": null,
            "Arg1": null,
            "Arg2": null,
            "Arg3": null,
            "Arg4": null
          },
          "syntax": {
            "Arg0": null,
            "Arg1": null,
            "Arg2": null,
            "Arg3": null,
            "Arg4": null
          }
        },
        {
          "sent_ID": "dante_01_444083603308175360l",
          "text": "BB Investimentos troca 5 ativos de sua carteira , veja recomendações : Em este mês , entraram as ... http://t.co/6nvfUxbw1P #infomoney #vale5",
          "realization": {
            "Arg0": null,
            "Arg1": null,
            "Arg2": null,
            "Arg3": null,
            "Arg4": null
          },
          "syntax": {
            "Arg0": null,
            "Arg1": null,
            "Arg2": null,
            "Arg3": null,
            "Arg4": null
          }
        },
        {
          "sent_ID": "dante_01_444579970325557248l",
          "text": "Santander recomenda 2 novos papéis para o mês , confira : BRF e Braskem são as novas recomenda ... http://t.co/7hzE9qppCV #infomoney #vale5",
          "realization": {
            "Arg0": null,
            "Arg1": null,
            "Arg2": null,
            "Arg3": null,
            "Arg4": null
          },
          "syntax": {
            "Arg0": null,
            "Arg1": null,
            "Arg2": null,
            "Arg3": null,
            "Arg4": null
          }
        },
        {
          "sent_ID": "dante_01_451411205161508866l",
          "text": "BBSE3 - ' É muito cedo para basear a recomendação em o resultado de as eleições ' , diz BTG - InfoMoney Veja mais em : http://t.co/thncBwA5YP",
          "realization": {
            "Arg0": null,
            "Arg1": null,
            "Arg2": null,
            "Arg3": null,
            "Arg4": null
          },
          "syntax": {
            "Arg0": null,
            "Arg1": null,
            "Arg2": null,
            "Arg3": null,
            "Arg4": null
          }
        },
        {
          "sent_ID": "dante_01_466323359324991488l",
          "text": "Geral troca EZTec por Itaú Unibanco , confira as 10 recomendações : A Geral Investimentos fez ... http://t.co/Tk3Klt4bBt #infomoney #vale5",
          "realization": {
            "Arg0": null,
            "Arg1": null,
            "Arg2": null,
            "Arg3": null,
            "Arg4": null
          },
          "syntax": {
            "Arg0": null,
            "Arg1": null,
            "Arg2": null,
            "Arg3": null,
            "Arg4": null
          }
        },
        {
          "sent_ID": "dante_01_445656208997744640l",
          "text": "Veja as 10 ações preferidas de a Socopa para comprar em esta semana : Continuam entre as recomend ... http://t.co/pqQ9H0vNAL #infomoney #vale5",
          "realization": {
            "Arg0": null,
            "Arg1": null,
            "Arg2": null,
            "Arg3": null,
            "Arg4": null
          },
          "syntax": {
            "Arg0": null,
            "Arg1": null,
            "Arg2": null,
            "Arg3": null,
            "Arg4": null
          }
        },
        {
          "sent_ID": "dante_01_461129245134426113l",
          "text": "#goau4 ganhou recomendação de compra de uma corretora e já reflete em o preço . #bbas3 disparou ontem , rompeu resistência e Mm : COMPRAR !",
          "realization": {
            "Arg0": null,
            "Arg1": "de compra",
            "Arg2": null,
            "Arg3": null,
            "Arg4": null
          },
          "syntax": {
            "Arg0": null,
            "Arg1": "nmod",
            "Arg2": null,
            "Arg3": null,
            "Arg4": null
          }
        },
        {
          "sent_ID": "dante_01_461130593787719680l",
          "text": "#abev3 também andou recomendação e sobe forte . Continuo comprado . Vou entrar em #cemig4 por as Mm , de olho em uma resistência ~ 16.65",
          "realization": {
            "Arg0": null,
            "Arg1": null,
            "Arg2": null,
            "Arg3": null,
            "Arg4": null
          },
          "syntax": {
            "Arg0": null,
            "Arg1": null,
            "Arg2": null,
            "Arg3": null,
            "Arg4": null
          }
        },
        {
          "sent_ID": "dante_01_441294832774836224l",
          "text": "Corretora indica compra de Vale , Cielo e mais 8 ações , confira : Permanecem entre as recomend ... http://t.co/tveDkCIOc0 #infomoney #vale5",
          "realization": {
            "Arg0": null,
            "Arg1": null,
            "Arg2": null,
            "Arg3": null,
            "Arg4": null
          },
          "syntax": {
            "Arg0": null,
            "Arg1": null,
            "Arg2": null,
            "Arg3": null,
            "Arg4": null
          }
        },
        {
          "sent_ID": "dante_01_451843384052047872l",
          "text": "#MRFG3 - Análise #Ichimoku - Recomendação de Compra . http://t.co/TdLbYJsEds",
          "realization": {
            "Arg0": null,
            "Arg1": "de Compra",
            "Arg2": null,
            "Arg3": null,
            "Arg4": null
          },
          "syntax": {
            "Arg0": null,
            "Arg1": "nmod",
            "Arg2": null,
            "Arg3": null,
            "Arg4": null
          }
        },
        {
          "sent_ID": "dante_01_453511628504702978l",
          "text": "#NATU3 - Análise #Ichimoku - Recomendação de Compra . http://t.co/cVGkA7dvAT",
          "realization": {
            "Arg0": null,
            "Arg1": "de Compra",
            "Arg2": null,
            "Arg3": null,
            "Arg4": null
          },
          "syntax": {
            "Arg0": null,
            "Arg1": "nmod",
            "Arg2": null,
            "Arg3": null,
            "Arg4": null
          }
        },
        {
          "sent_ID": "dante_01_454022702027001856l",
          "text": "#UGPA3 - Recomendação de Compra - Análise #Ichimoku . http://t.co/rhIXdSFo3Q",
          "realization": {
            "Arg0": null,
            "Arg1": "de Compra",
            "Arg2": null,
            "Arg3": null,
            "Arg4": null
          },
          "syntax": {
            "Arg0": null,
            "Arg1": "nmod",
            "Arg2": null,
            "Arg3": null,
            "Arg4": null
          }
        },
        {
          "sent_ID": "dante_01_454374627708784640l",
          "text": "#CRUZ3 - Análise #Ichimoku - Recomendação de Compra . http://t.co/3xVuPeOwc9",
          "realization": {
            "Arg0": null,
            "Arg1": "de Compra",
            "Arg2": null,
            "Arg3": null,
            "Arg4": null
          },
          "syntax": {
            "Arg0": null,
            "Arg1": "nmod",
            "Arg2": null,
            "Arg3": null,
            "Arg4": null
          }
        },
        {
          "sent_ID": "dante_01_464864439670702080l",
          "text": "@luizmoratoneto temos recomendação de venda para PDGR3 .",
          "realization": {
            "Arg0": null,
            "Arg1": "de venda",
            "Arg2": null,
            "Arg3": null,
            "Arg4": null
          },
          "syntax": {
            "Arg0": null,
            "Arg1": "nmod",
            "Arg2": null,
            "Arg3": null,
            "Arg4": null
          }
        },
        {
          "sent_ID": "dante_01_443815228737069056l",
          "text": "@piavu e as recomendações de compra em jbss3 e mmxm3 de o @ferrisss em o início de o ano . Se ele soubesse um mín de AT não levava essas cacetadas !",
          "realization": {
            "Arg0": null,
            "Arg1": "de compra",
            "Arg2": null,
            "Arg3": null,
            "Arg4": null
          },
          "syntax": {
            "Arg0": null,
            "Arg1": "nmod",
            "Arg2": null,
            "Arg3": null,
            "Arg4": null
          }
        },
        {
          "sent_ID": "dante_01_444475433904783360l",
          "text": "JPMORGAN eleva recomendação s/ Usiminas e Gerdau para ' overweight ' . Agora USIM5 + 3,26 % e GGBR4 , + 1,87 %",
          "realization": {
            "Arg0": null,
            "Arg1": null,
            "Arg2": null,
            "Arg3": null,
            "Arg4": null
          },
          "syntax": {
            "Arg0": null,
            "Arg1": null,
            "Arg2": null,
            "Arg3": null,
            "Arg4": null
          }
        },
        {
          "sent_ID": "dante_01_443098557596598273l",
          "text": "VALE5 em o topo de as recomendações faz tempo e EU FORA ! .. ô quem poderá nos defender ?",
          "realization": {
            "Arg0": null,
            "Arg1": null,
            "Arg2": null,
            "Arg3": null,
            "Arg4": null
          },
          "syntax": {
            "Arg0": null,
            "Arg1": null,
            "Arg2": null,
            "Arg3": null,
            "Arg4": null
          }
        }
      ],
      "syntactic_profile": {
        "Arg1": {
          "nmod": 8
        }
      }
    }
  ]
}