{
  "lemma": "reeleição",
  "lemma_base": "reeleição",
  "senses": [
    {
      "pt_roleset": "reeleição.01",
      "pt_sense_index": 1,
      "pt_sense_hint": 1,
      "english_roleset": "election.01",
      "english_roleset_source": "verb-elect.01",
      "nombank_url": "https://nlp.cs.nyu.edu/meyers/nombank/nombank.1.0/frames/election.xml",
      "roles": [
        {
          "id": "Arg0",
          "desc": "voters"
        },
        {
          "id": "Arg1",
          "desc": "candidate"
        },
        {
          "id": "Arg2",
          "desc": "office or position"
        },
        {
          "id": "Arg3",
          "desc": null
        },
        {
          "id": "Arg4",
          "desc": null
        }
      ],
      "examples": [
        {
          "sent_ID": "dante_01_449260171496550400l",
          "text": "RT @stanleyburburin : 3 - reeleição em outubro . Em este dia , os papéis de as estatais dispararam em a Bolsa : PETR3 subiu 3,48 % , PETR4 , + 2,85 % , EL …",
          "realization": {
            "Arg0": null,
            "Arg1": null,
            "Arg2": null,
            "Arg3": null,
            "Arg4": null
          },
          "syntax": {
            "Arg0": null,
            "Arg1": null,
            "Arg2": null,
            "Arg3": null,
            "Arg4": null
          }
        },
        {
          "sent_ID": "dante_01_449211685929508864l",
          "text": "3 - reeleição em outubro . Em este dia , os papéis de as estatais dispararam em a Bolsa : PETR3 subiu 3,48 % , PETR4 , + 2,85 % , ELET3 , + 6,14 % , ELET6 ,",
          "realization": {
            "Arg0": null,
            "Arg1": null,
            "Arg2": null,
            "Arg3": null,
            "Arg4": null
          },
          "syntax": {
            "Arg0": null,
            "Arg1": null,
            "Arg2": null,
            "Arg3": null,
            "Arg4": null
          }
        }
      ],
      "syntactic_profile": {}
    }
  ]
}