{
  "lemma": "spread",
  "lemma_base": "spread",
  "senses": [
    {
      "pt_roleset": "spread.01",
      "pt_sense_index": 1,
      "pt_sense_hint": 1,
      "english_roleset": "spread.01",
      "english_roleset_source": "verb-differ.02",
      "nombank_url": "https://nlp.cs.nyu.edu/meyers/nombank/nombank.1.0/frames/spread.xml",
      "roles": [
        {
          "id": "Arg0",
          "desc": null
        },
        {
          "id": "Arg1",
          "desc": "theme"
        },
        {
          "id": "Arg2",
          "desc": "value"
        },
        {
          "id": "Arg3",
          "desc": "secondary-theme"
        },
        {
          "id": "Arg4",
          "desc": null
        }
      ],
      "examples": [
        {
          "sent_ID": "dante_01_459705031894507520l",
          "text": "Spread de 0,08 em a #PETR4 que bosta de mercado ! 0,51 % de variação entre a compra e a venda",
          "realization": {
            "Arg0": null,
            "Arg1": null,
            "Arg2": "de 0,08",
            "Arg3": "em a #PETR4",
            "Arg4": null
          },
          "syntax": {
            "Arg0": null,
            "Arg1": null,
            "Arg2": "nmod",
            "Arg3": "nmod",
            "Arg4": null
          }
        },
        {
          "sent_ID": "dante_01_447096841172426753l",
          "text": "Spread entre ITUB4 x BBDC4 abrindo novamente . Oportunidades a vista ?",
          "realization": {
            "Arg0": null,
            "Arg1": null,
            "Arg2": null,
            "Arg3": "entre ITUB4 x BBDC4",
            "Arg4": null
          },
          "syntax": {
            "Arg0": null,
            "Arg1": null,
            "Arg2": null,
            "Arg3": "nmod",
            "Arg4": null
          }
        },
        {
          "sent_ID": "dante_01_464756005377540097l",
          "text": "#ITUB4 muito interessante acompanhar de perto um ativo , até estes dias atrás Itaú só subia , e tinha um spread em a ... http://t.co/wzdYVUGFa7",
          "realization": {
            "Arg0": null,
            "Arg1": null,
            "Arg2": null,
            "Arg3": null,
            "Arg4": null
          },
          "syntax": {
            "Arg0": null,
            "Arg1": null,
            "Arg2": null,
            "Arg3": null,
            "Arg4": null
          }
        },
        {
          "sent_ID": "dante_01_445615969688616961l",
          "text": "Entrando em Long&Short PETR4 x PETR3 com spread de R$ 0,57 ! Fica a dica e quem quiser o relatorio é só pedir !",
          "realization": {
            "Arg0": null,
            "Arg1": null,
            "Arg2": "de R$ 0,57",
            "Arg3": null,
            "Arg4": null
          },
          "syntax": {
            "Arg0": null,
            "Arg1": null,
            "Arg2": "nmod",
            "Arg3": null,
            "Arg4": null
          }
        }
      ],
      "syntactic_profile": {
        "Arg2": {
          "nmod": 2
        },
        "Arg3": {
          "nmod": 2
        }
      }
    }
  ]
}