{
  "lemma": "taxação",
  "lemma_base": "taxação",
  "senses": [
    {
      "pt_roleset": "taxação.01",
      "pt_sense_index": 1,
      "pt_sense_hint": 1,
      "english_roleset": "taxation.01",
      "english_roleset_source": "verb-tax.01",
      "nombank_url": "https://nlp.cs.nyu.edu/meyers/nombank/nombank.1.0/frames/taxation.xml",
      "roles": [
        {
          "id": "Arg0",
          "desc": "taxer"
        },
        {
          "id": "Arg1",
          "desc": "amount of tax"
        },
        {
          "id": "Arg2",
          "desc": "taxpayer"
        },
        {
          "id": "Arg3",
          "desc": "commodity"
        },
        {
          "id": "Arg4",
          "desc": null
        }
      ],
      "examples": [
        {
          "sent_ID": "dante_01_459422862726942721l",
          "text": "RT @clickinv_VALE5 : Vale ganha recurso contra taxação estrangeira , ação dispara 2 % em 3 minutos : Mais informaçõe ... http://t.co/U5sgBGJxyN …",
          "realization": {
            "Arg0": null,
            "Arg1": null,
            "Arg2": "Vale",
            "Arg3": null,
            "Arg4": null
          },
          "syntax": {
            "Arg0": null,
            "Arg1": null,
            "Arg2": "nsubj",
            "Arg3": null,
            "Arg4": null
          }
        },
        {
          "sent_ID": "dante_01_459430937936560128l",
          "text": "#VALE5 ganha recurso recurso contra taxação de suas empresas em o exterior que era um de os entraves de a empresa . Agora VALE !",
          "realization": {
            "Arg0": null,
            "Arg1": null,
            "Arg2": "#VALE5",
            "Arg3": "de suas empresas em o exterior",
            "Arg4": null
          },
          "syntax": {
            "Arg0": null,
            "Arg1": null,
            "Arg2": "nsubj",
            "Arg3": "nmod",
            "Arg4": null
          }
        },
        {
          "sent_ID": "dante_01_459419985748570112l",
          "text": "Vale ganha recurso contra taxação estrangeira , ação dispara 2 % em 3 minutos : Mais informaçõe ... http://t.co/U5sgBGJxyN #infomoney #vale5",
          "realization": {
            "Arg0": null,
            "Arg1": null,
            "Arg2": "Vale",
            "Arg3": null,
            "Arg4": null
          },
          "syntax": {
            "Arg0": null,
            "Arg1": null,
            "Arg2": "nsubj",
            "Arg3": null,
            "Arg4": null
          }
        },
        {
          "sent_ID": "dante_01_461502968475299840l",
          "text": "TEMPO REAL : Ambev afunda 5 % com nova taxação , Vale cai e Renner sobe após balanço : Ações de a ... http://t.co/trsecneXgU #infomoney #vale5",
          "realization": {
            "Arg0": null,
            "Arg1": null,
            "Arg2": "Ambev",
            "Arg3": null,
            "Arg4": null
          },
          "syntax": {
            "Arg0": null,
            "Arg1": null,
            "Arg2": "nsubj",
            "Arg3": null,
            "Arg4": null
          }
        },
        {
          "sent_ID": "dante_01_461536397468639232l",
          "text": "Diz bom de comprar $ABEV3 . Caindo 5 % com notícia de taxação . Eu vou em essa .",
          "realization": {
            "Arg0": null,
            "Arg1": null,
            "Arg2": null,
            "Arg3": null,
            "Arg4": null
          },
          "syntax": {
            "Arg0": null,
            "Arg1": null,
            "Arg2": null,
            "Arg3": null,
            "Arg4": null
          }
        },
        {
          "sent_ID": "dante_01_461538650585829376l",
          "text": "“ @buiux : Diz bom de comprar $ABEV3 . Caindo 5 % com notícia de taxação . Eu vou em essa . ” Deu sinal gráfico ou só tais em o fundamento .",
          "realization": {
            "Arg0": null,
            "Arg1": null,
            "Arg2": null,
            "Arg3": null,
            "Arg4": null
          },
          "syntax": {
            "Arg0": null,
            "Arg1": null,
            "Arg2": null,
            "Arg3": null,
            "Arg4": null
          }
        }
      ],
      "syntactic_profile": {
        "Arg2": {
          "nsubj": 4
        },
        "Arg3": {
          "nmod": 1
        }
      }
    }
  ]
}