{
  "lemma": "tendência",
  "lemma_base": "tendência",
  "senses": [
    {
      "pt_roleset": "tendência.01",
      "pt_sense_index": 1,
      "pt_sense_hint": 1,
      "english_roleset": "tendency.01",
      "english_roleset_source": "verb-tend.02",
      "nombank_url": "https://nlp.cs.nyu.edu/meyers/nombank/nombank.1.0/frames/tendency.xml",
      "roles": [
        {
          "id": "Arg0",
          "desc": "theme"
        },
        {
          "id": "Arg1",
          "desc": "attribute"
        },
        {
          "id": "Arg2",
          "desc": null
        },
        {
          "id": "Arg3",
          "desc": null
        },
        {
          "id": "Arg4",
          "desc": null
        }
      ],
      "examples": [
        {
          "sent_ID": "dante_01_454017714236166144l",
          "text": "Antes de o anúncio de o CADE era possível observar em o gráfico diário de #CSNA3 que a tendência já ( cont ) http://t.co/ATIuGyLLGq",
          "realization": {
            "Arg0": null,
            "Arg1": "já ( cont )",
            "Arg2": null,
            "Arg3": null,
            "Arg4": null
          },
          "syntax": {
            "Arg0": null,
            "Arg1": "parataxis",
            "Arg2": null,
            "Arg3": null,
            "Arg4": null
          }
        },
        {
          "sent_ID": "dante_01_443559711980679168l",
          "text": "Publiquei estudo de a #HGTX3 em o gráfico diário . Rompendo tendência de baixa ? ? ? Veja em http://t.co/oRA4bA8Qye",
          "realization": {
            "Arg0": null,
            "Arg1": "de baixa",
            "Arg2": null,
            "Arg3": null,
            "Arg4": null
          },
          "syntax": {
            "Arg0": null,
            "Arg1": "nmod",
            "Arg2": null,
            "Arg3": null,
            "Arg4": null
          }
        },
        {
          "sent_ID": "dante_01_456937609185341440l",
          "text": "antes de confirmar tendência de alta em CIEL3 eu ja sabia que ia aumentar",
          "realization": {
            "Arg0": null,
            "Arg1": "de alta em CIEL3",
            "Arg2": null,
            "Arg3": null,
            "Arg4": null
          },
          "syntax": {
            "Arg0": null,
            "Arg1": "obl",
            "Arg2": null,
            "Arg3": null,
            "Arg4": null
          }
        },
        {
          "sent_ID": "dante_01_443477913480863744l",
          "text": "#BBAS3 olhem a linha de tendência mensal , PONTO CRÍTICO ou FUNDO . http://t.co/K03MhZTWlY http://t.co/OCV7jkie8s",
          "realization": {
            "Arg0": "linha de",
            "Arg1": "mensal",
            "Arg2": null,
            "Arg3": null,
            "Arg4": null
          },
          "syntax": {
            "Arg0": "case",
            "Arg1": "amod",
            "Arg2": null,
            "Arg3": null,
            "Arg4": null
          }
        },
        {
          "sent_ID": "dante_01_444503548139552768l",
          "text": "#BBAS3 MENSAL Ponto Crítico porque a linha de tendência mensal foi perdida . Final de o mês vamos confirmar a perda . http://t.co/NAcq3RyTEn",
          "realization": {
            "Arg0": "linha de",
            "Arg1": "mensal",
            "Arg2": null,
            "Arg3": null,
            "Arg4": null
          },
          "syntax": {
            "Arg0": "case",
            "Arg1": "amod",
            "Arg2": null,
            "Arg3": null,
            "Arg4": null
          }
        },
        {
          "sent_ID": "dante_01_459365635928391681l",
          "text": "@ojappadonodo6 Hoje monitorando ABEV3 , BBAS3 , CCRO3 , ITUB4 , PCAR4 , RENT3 , UGPA3 ... Para tendência imediata e de curto prazo ...",
          "realization": {
            "Arg0": null,
            "Arg1": "imediata e de curto prazo",
            "Arg2": null,
            "Arg3": null,
            "Arg4": null
          },
          "syntax": {
            "Arg0": null,
            "Arg1": "parataxis",
            "Arg2": null,
            "Arg3": null,
            "Arg4": null
          }
        },
        {
          "sent_ID": "dante_01_472441262214098944l",
          "text": "GGBR4 perde linha de tendência e entra em alerta http://t.co/9Hti4sHxJW",
          "realization": {
            "Arg0": "linha de",
            "Arg1": null,
            "Arg2": null,
            "Arg3": null,
            "Arg4": null
          },
          "syntax": {
            "Arg0": "case",
            "Arg1": null,
            "Arg2": null,
            "Arg3": null,
            "Arg4": null
          }
        },
        {
          "sent_ID": "dante_01_460899883462180865l",
          "text": "Vale5 - Diário ::: Linha de Tendência de baixa , zona de sobre-venda ! http://t.co/m5dEkcVXf3",
          "realization": {
            "Arg0": "Linha de",
            "Arg1": "de baixa",
            "Arg2": null,
            "Arg3": null,
            "Arg4": null
          },
          "syntax": {
            "Arg0": "case",
            "Arg1": "nmod",
            "Arg2": null,
            "Arg3": null,
            "Arg4": null
          }
        },
        {
          "sent_ID": "dante_01_461495723847319552l",
          "text": "@clubedopairico Zé , qual seria a confirmação de que os shootings stars estão indicando uma reversão de tendência para a PETR4 ? ?",
          "realization": {
            "Arg0": "reversão de",
            "Arg1": "para a PETR4",
            "Arg2": null,
            "Arg3": null,
            "Arg4": null
          },
          "syntax": {
            "Arg0": "mark",
            "Arg1": "nmod",
            "Arg2": null,
            "Arg3": null,
            "Arg4": null
          }
        },
        {
          "sent_ID": "dante_01_441058259676303361l",
          "text": "Fevereiro 2014 : Ainda não é o momento de entrar : VALE5 , CSNA3 ou PETR4 . Tendência e resultados favoráveis : ESTC3 , PSSA3 , EMBR3 e WEGE3 .",
          "realization": {
            "Arg0": null,
            "Arg1": "e resultados favoráveis",
            "Arg2": null,
            "Arg3": null,
            "Arg4": null
          },
          "syntax": {
            "Arg0": null,
            "Arg1": "amod",
            "Arg2": null,
            "Arg3": null,
            "Arg4": null
          }
        },
        {
          "sent_ID": "dante_01_470213923732733952l",
          "text": "#CRUZ3 : pode estar revertendo tendência de baixa após romper canal . Melhor se superar os 23.52 . #Whoknows ? http://t.co/tZVAMpMQVG",
          "realization": {
            "Arg0": "revertendo",
            "Arg1": "de baixa após romper canal",
            "Arg2": null,
            "Arg3": null,
            "Arg4": null
          },
          "syntax": {
            "Arg0": "xcomp",
            "Arg1": "obj",
            "Arg2": null,
            "Arg3": null,
            "Arg4": null
          }
        },
        {
          "sent_ID": "dante_01_447000792143527936l",
          "text": "LLXL3 vai fazer fundo duplo se ela não consegue romper os 0.98 . Desde 09-2010 em linda tend. de baixa .",
          "realization": {
            "Arg0": "em linda",
            "Arg1": "de baixa",
            "Arg2": null,
            "Arg3": null,
            "Arg4": null
          },
          "syntax": {
            "Arg0": "amod",
            "Arg1": "nmod",
            "Arg2": null,
            "Arg3": null,
            "Arg4": null
          }
        },
        {
          "sent_ID": "dante_01_463664480288006145l",
          "text": "Entrei em #petr4 , com projeção de crescimento . #hype3 ta maravilhosa , continua em a tendência de alta .",
          "realization": {
            "Arg0": "continua em a",
            "Arg1": "de alta",
            "Arg2": null,
            "Arg3": null,
            "Arg4": null
          },
          "syntax": {
            "Arg0": "det",
            "Arg1": "nmod",
            "Arg2": null,
            "Arg3": null,
            "Arg4": null
          }
        },
        {
          "sent_ID": "dante_01_452414292881838080l",
          "text": "Em o diário #VALE5 deixou a tendência de baixa para trás mas permanece tendo problema com a #MediaROCK - Leia mais em http://t.co/eMq6N9TOJC",
          "realization": {
            "Arg0": "deixou a",
            "Arg1": "de baixa",
            "Arg2": null,
            "Arg3": null,
            "Arg4": null
          },
          "syntax": {
            "Arg0": "det",
            "Arg1": "nmod",
            "Arg2": null,
            "Arg3": null,
            "Arg4": null
          }
        },
        {
          "sent_ID": "dante_01_454225628166754305l",
          "text": "Ontem em o diário de a #PETR4 fêz candle de reversão de tendência e respeirou suporte em os 15,4 e alvos 16,5 e 17,2 http://t.co/ReowwtCzqj",
          "realization": {
            "Arg0": "reversão de",
            "Arg1": null,
            "Arg2": null,
            "Arg3": null,
            "Arg4": null
          },
          "syntax": {
            "Arg0": "case",
            "Arg1": null,
            "Arg2": null,
            "Arg3": null,
            "Arg4": null
          }
        },
        {
          "sent_ID": "dante_01_445952104105275392l",
          "text": "#HYPE3 ficando bonita para sair de a tendência de baixa , descontão fabuloso . Em os ~ 15,8 deve corrigir e de ai vamos buscar o fundo para entrar .",
          "realization": {
            "Arg0": "sair de a",
            "Arg1": "de baixa",
            "Arg2": null,
            "Arg3": null,
            "Arg4": null
          },
          "syntax": {
            "Arg0": "det",
            "Arg1": "nmod",
            "Arg2": null,
            "Arg3": null,
            "Arg4": null
          }
        },
        {
          "sent_ID": "dante_01_456503335634231296l",
          "text": "@RaphaFigueredo tem que romper os 9.03 inicialmente . CTIP3 também me parece uma boa . Tend. alta e após correção , próximo a mm20 .",
          "realization": {
            "Arg0": null,
            "Arg1": "alta",
            "Arg2": null,
            "Arg3": null,
            "Arg4": null
          },
          "syntax": {
            "Arg0": null,
            "Arg1": "amod",
            "Arg2": null,
            "Arg3": null,
            "Arg4": null
          }
        },
        {
          "sent_ID": "dante_01_459134249883697154l",
          "text": "@Andresmoraes @YouTube Segundo violino em a estc3 . Ser estopado em um ativo com essa tendência de alta doi ...",
          "realization": {
            "Arg0": null,
            "Arg1": "de alta",
            "Arg2": null,
            "Arg3": null,
            "Arg4": null
          },
          "syntax": {
            "Arg0": null,
            "Arg1": "nmod",
            "Arg2": null,
            "Arg3": null,
            "Arg4": null
          }
        }
      ],
      "syntactic_profile": {
        "Arg1": {
          "parataxis": 2,
          "nmod": 8,
          "obl": 1,
          "amod": 4,
          "obj": 1
        },
        "Arg0": {
          "case": 5,
          "mark": 1,
          "xcomp": 1,
          "amod": 1,
          "det": 3
        }
      }
    }
  ]
}