{
  "lemma": "troca",
  "lemma_base": "troca",
  "senses": [
    {
      "pt_roleset": "troca.01",
      "pt_sense_index": 1,
      "pt_sense_hint": 1,
      "english_roleset": "change.01",
      "english_roleset_source": "verb-change.01",
      "nombank_url": "https://nlp.cs.nyu.edu/meyers/nombank/nombank.1.0/frames/change.xml",
      "roles": [
        {
          "id": "Arg0",
          "desc": "causer of transformation"
        },
        {
          "id": "Arg1",
          "desc": "thing changing"
        },
        {
          "id": "Arg2",
          "desc": "end state"
        },
        {
          "id": "Arg3",
          "desc": "start state"
        },
        {
          "id": "Arg4",
          "desc": null
        }
      ],
      "examples": [
        {
          "sent_ID": "dante_01_441614055694811136l",
          "text": "Solidez faz 3 trocas e indica 8 ações para comprar em março : Em o lugar de as ações de a Brookfield ( BISA3 ) , de a Raia ... http://t.co/GQ1FLrN3GZ",
          "realization": {
            "Arg0": "Solidez",
            "Arg1": null,
            "Arg2": null,
            "Arg3": null,
            "Arg4": null
          },
          "syntax": {
            "Arg0": "nsubj",
            "Arg1": null,
            "Arg2": null,
            "Arg3": null,
            "Arg4": null
          }
        }
      ],
      "syntactic_profile": {
        "Arg0": {
          "nsubj": 1
        }
      }
    }
  ]
}